-5.594342273909166385e-01 -1.050936681043801890e+00 -1.050936681043801890e+00 -1.126146370898567950e+00 -1.126146370898567950e+00 -1.159052070081382446e+00 -1.159052070081382446e+00 -1.159052070081382446e+00 -1.159052070081382446e+00 -1.159052070081382446e+00 -1.660019908942018230e+00 -1.660019908942018230e+00 -1.660019908942018230e+00 -2.196454426192135934e+00 -2.196454426192135934e+00 -2.196454426192135934e+00 -2.196454426192135934e+00 -2.196454426192135934e+00 -2.196454426192135934e+00 -2.196454426192135934e+00 -2.196454426192135934e+00 -2.196454426192135934e+00 -2.196454426192135934e+00 -2.196454426192135934e+00 -2.196454426192135934e+00 -2.196454426192135934e+00 -2.196454426192135934e+00 -2.196454426192135934e+00 -2.196454426192135934e+00 -2.196454426192135934e+00 -2.196454426192135934e+00 -2.196454426192135934e+00 -2.516548554983550012e+00 -2.516548554983550012e+00 -2.516548554983550012e+00 -2.516548554983550012e+00 -2.516548554983550012e+00 -2.516548554983550012e+00 -2.516548554983550012e+00 -2.516548554983550012e+00 -2.516548554983550012e+00 -2.516548554983550012e+00 -2.516548554983550012e+00 -2.516548554983550012e+00 -2.516548554983550012e+00 -2.516548554983550012e+00 -2.541633895218370576e+00 -2.675053105058227132e+00 -2.675053105058227132e+00 -2.675053105058227132e+00 -2.675053105058227132e+00 -2.675053105058227132e+00 -2.675053105058227132e+00 -2.675053105058227132e+00 -2.675053105058227132e+00 -2.675053105058227132e+00 -2.675053105058227132e+00 -2.675053105058227132e+00 -2.675053105058227132e+00 -2.675053105058227132e+00 -2.675053105058227132e+00 -2.675053105058227132e+00 -2.675053105058227132e+00 -2.675053105058227132e+00 -2.675053105058227132e+00 -2.675053105058227132e+00 -2.675053105058227132e+00 -2.675053105058227132e+00 -2.675053105058227132e+00 -2.675053105058227132e+00 -2.675053105058227132e+00 -2.675053105058227132e+00 -2.675053105058227132e+00 -2.675053105058227132e+00 -2.675053105058227132e+00 -2.675053105058227132e+00 -2.675053105058227132e+00 -2.675053105058227132e+00 -2.675053105058227132e+00 -2.675053105058227132e+00 -2.675053105058227132e+00 -2.675053105058227132e+00 -2.675053105058227132e+00 -2.675053105058227132e+00 -2.675053105058227132e+00 -2.675053105058227132e+00 -2.675053105058227132e+00 -2.675053105058227132e+00 -2.675053105058227132e+00 -2.675053105058227132e+00 -2.675053105058227132e+00 -2.675053105058227132e+00 -2.675053105058227132e+00 -2.675053105058227132e+00 -2.675053105058227132e+00 -2.675053105058227132e+00 -2.675053105058227132e+00 -2.675154509625770061e+00 -2.675154509625770061e+00 -2.675154509625770061e+00
-1.542567606586770390e+00 -1.542567606586770390e+00 -1.542567606586770390e+00 -1.670016676312746640e+00 -1.760710481661144744e+00 -1.760710481661144744e+00 -1.760710481661144744e+00 -1.773033059827719082e+00 -1.773033059827719082e+00 -1.773033059827719082e+00 -1.773033059827719082e+00 -1.773033059827719082e+00 -2.324974146435987876e+00 -2.324974146435987876e+00 -2.324974146435987876e+00 -2.714159895853944349e+00 -2.714159895853944349e+00 -2.714159895853944349e+00 -2.916328663293970003e+00 -2.916328663293970003e+00 -2.916328663293970003e+00 -2.916328663293970003e+00 -2.916328663293970003e+00 -2.916328663293970003e+00 -2.916328663293970003e+00 -2.916328663293970003e+00 -2.916328663293970003e+00 -2.916328663293970003e+00 -2.916328663293970003e+00 -2.916328663293970003e+00 -2.916328663293970003e+00 -2.916328663293970003e+00 -2.916328663293970003e+00 -2.970374700236134480e+00 -2.970374700236134480e+00 -2.970374700236134480e+00 -2.970374700236134480e+00 -2.970374700236134480e+00 -2.970374700236134480e+00 -3.069624319021883707e+00 -3.069624319021883707e+00 -3.069624319021883707e+00 -3.113313879103342341e+00 -3.113313879103342341e+00 -3.113313879103342341e+00 -3.276898853260349131e+00 -3.276898853260349131e+00 -3.383212720538283591e+00 -3.383212720538283591e+00 -3.383212720538283591e+00 -3.383212720538283591e+00 -3.383212720538283591e+00 -3.383212720538283591e+00 -3.383212720538283591e+00 -3.383212720538283591e+00 -3.383212720538283591e+00 -3.383212720538283591e+00 -3.383212720538283591e+00 -3.383212720538283591e+00 -3.383212720538283591e+00 -3.383212720538283591e+00 -3.383212720538283591e+00 -3.383212720538283591e+00 -3.383212720538283591e+00 -3.383212720538283591e+00 -3.597465361424037056e+00 -3.597465361424037056e+00 -3.597465361424037056e+00 -3.597465361424037056e+00 -3.597465361424037056e+00 -3.597465361424037056e+00 -3.597465361424037056e+00 -3.597465361424037056e+00 -3.659837087051007298e+00 -3.659837087051007298e+00 -3.938228195053592451e+00 -3.938228195053592451e+00 -3.938228195053592451e+00 -3.938228195053592451e+00 -3.938228195053592451e+00 -3.938228195053592451e+00 -3.938228195053592451e+00 -3.938228195053592451e+00 -3.938228195053592451e+00 -3.938228195053592451e+00 -3.938228195053592451e+00 -3.938228195053592451e+00 -3.938228195053592451e+00 -3.938228195053592451e+00 -3.938228195053592451e+00 -3.938228195053592451e+00 -3.938228195053592451e+00 -3.938228195053592451e+00 -3.938228195053592451e+00 -3.938228195053592451e+00 -3.938228195053592451e+00 -3.938228195053592451e+00 -3.938228195053592451e+00 -3.938228195053592451e+00 -3.938228195053592451e+00
-1.007010056653576263e-01 -1.007010056653576263e-01 -1.007010056653576263e-01 -1.007010056653576263e-01 -1.114063690811397889e+00 -1.114063690811397889e+00 -1.114063690811397889e+00 -1.114063690811397889e+00 -1.114063690811397889e+00 -1.114063690811397889e+00 -1.655449308736025582e+00 -1.655449308736025582e+00 -1.655449308736025582e+00 -1.655449308736025582e+00 -1.655449308736025582e+00 -1.655449308736025582e+00 -1.655449308736025582e+00 -1.655449308736025582e+00 -1.668190366579273221e+00 -1.668190366579273221e+00 -1.668190366579273221e+00 -1.715824699041606394e+00 -1.715824699041606394e+00 -1.715824699041606394e+00 -1.715824699041606394e+00 -1.715824699041606394e+00 -1.715824699041606394e+00 -1.715824699041606394e+00 -1.715824699041606394e+00 -1.715824699041606394e+00 -1.715824699041606394e+00 -1.715824699041606394e+00 -1.715824699041606394e+00 -1.715824699041606394e+00 -1.715824699041606394e+00 -1.715824699041606394e+00 -1.715824699041606394e+00 -1.715824699041606394e+00 -1.715824699041606394e+00 -1.715824699041606394e+00 -1.715824699041606394e+00 -1.715824699041606394e+00 -1.715824699041606394e+00 -1.715824699041606394e+00 -1.715824699041606394e+00 -1.715824699041606394e+00 -1.715824699041606394e+00 -1.715824699041606394e+00 -1.715824699041606394e+00 -1.715824699041606394e+00 -1.715824699041606394e+00 -1.715824699041606394e+00 -1.715824699041606394e+00 -1.715824699041606394e+00 -1.715824699041606394e+00 -1.715824699041606394e+00 -1.715824699041606394e+00 -1.861359654621983051e+00 -1.861359654621983051e+00 -1.861359654621983051e+00 -1.861359654621983051e+00 -2.000500992767886288e+00 -2.000500992767886288e+00 -2.000500992767886288e+00 -2.000500992767886288e+00 -2.000500992767886288e+00 -2.000500992767886288e+00 -2.000500992767886288e+00 -2.000500992767886288e+00 -2.000500992767886288e+00 -2.000500992767886288e+00 -2.000500992767886288e+00 -2.000500992767886288e+00 -2.000500992767886288e+00 -2.000500992767886288e+00 -2.000500992767886288e+00 -2.000500992767886288e+00 -2.000500992767886288e+00 -2.000500992767886288e+00 -2.000500992767886288e+00 -2.000500992767886288e+00 -2.000500992767886288e+00 -2.000500992767886288e+00 -2.000500992767886288e+00 -2.000500992767886288e+00 -2.136864144157418099e+00 -2.136864144157418099e+00 -2.136864144157418099e+00 -2.136864144157418099e+00 -2.136864144157418099e+00 -2.136864144157418099e+00 -2.136864144157418099e+00 -2.136864144157418099e+00 -2.136864144157418099e+00 -2.136864144157418099e+00 -2.136864144157418099e+00 -2.136864144157418099e+00 -2.136864144157418099e+00 -2.136864144157418099e+00 -2.136864144157418099e+00
-1.982304023463890841e-01 -3.878723436674086922e-01 -6.047779806188358087e-01 -6.047779806188358087e-01 -6.047779806188358087e-01 -6.047779806188358087e-01 -6.047779806188358087e-01 -6.047779806188358087e-01 -6.047779806188358087e-01 -6.047779806188358087e-01 -6.047779806188358087e-01 -6.047779806188358087e-01 -6.047779806188358087e-01 -6.047779806188358087e-01 -6.047779806188358087e-01 -6.047779806188358087e-01 -6.047779806188358087e-01 -6.047779806188358087e-01 -6.047779806188358087e-01 -6.047779806188358087e-01 -6.047779806188358087e-01 -6.047779806188358087e-01 -6.047779806188358087e-01 -6.047779806188358087e-01 -6.047779806188358087e-01 -6.047779806188358087e-01 -6.047779806188358087e-01 -6.047779806188358087e-01 -6.047779806188358087e-01 -6.047779806188358087e-01 -6.047779806188358087e-01 -6.047779806188358087e-01 -6.047779806188358087e-01 -6.047779806188358087e-01 -7.780230819865960878e-01 -7.780230819865960878e-01 -7.780230819865960878e-01 -7.917268909080835693e-01 -7.917268909080835693e-01 -1.071806153222484514e+00 -1.071806153222484514e+00 -1.071806153222484514e+00 -1.071806153222484514e+00 -1.071806153222484514e+00 -1.071806153222484514e+00 -1.071806153222484514e+00 -1.071806153222484514e+00 -1.071806153222484514e+00 -1.071806153222484514e+00 -1.071806153222484514e+00 -1.071806153222484514e+00 -1.071806153222484514e+00 -1.071806153222484514e+00 -1.071806153222484514e+00 -1.071806153222484514e+00 -1.071806153222484514e+00 -1.071806153222484514e+00 -1.071806153222484514e+00 -1.071806153222484514e+00 -1.071806153222484514e+00 -1.071806153222484514e+00 -1.071806153222484514e+00 -1.071806153222484514e+00 -1.071806153222484514e+00 -1.071806153222484514e+00 -1.071806153222484514e+00 -1.071806153222484514e+00 -1.071806153222484514e+00 -1.071806153222484514e+00 -1.071806153222484514e+00 -1.071806153222484514e+00 -1.071806153222484514e+00 -1.071806153222484514e+00 -1.071806153222484514e+00 -1.071806153222484514e+00 -1.071806153222484514e+00 -1.071806153222484514e+00 -1.071806153222484514e+00 -1.071806153222484514e+00 -1.071806153222484514e+00 -1.071806153222484514e+00 -1.071806153222484514e+00 -1.071806153222484514e+00 -1.071806153222484514e+00 -1.071806153222484514e+00 -1.071806153222484514e+00 -1.071806153222484514e+00 -1.071806153222484514e+00 -1.071806153222484514e+00 -1.158344503087565425e+00 -1.211724161762779639e+00 -1.211724161762779639e+00 -1.211724161762779639e+00 -1.338415806302046818e+00 -1.381586307795031221e+00 -1.381586307795031221e+00 -1.381586307795031221e+00 -1.381586307795031221e+00 -1.381586307795031221e+00 -1.381586307795031221e+00
-1.010020988439613632e+00 -1.010020988439613632e+00 -1.010020988439613632e+00 -1.010020988439613632e+00 -1.010020988439613632e+00 -1.010020988439613632e+00 -1.043119139656017991e+00 -1.043119139656017991e+00 -1.692283520404237240e+00 -2.432533516034893317e+00 -2.432533516034893317e+00 -2.432533516034893317e+00 -2.432533516034893317e+00 -2.432533516034893317e+00 -2.432533516034893317e+00 -2.432533516034893317e+00 -2.432533516034893317e+00 -2.432533516034893317e+00 -2.432533516034893317e+00 -2.432533516034893317e+00 -2.432533516034893317e+00 -2.432533516034893317e+00 -2.432533516034893317e+00 -2.432533516034893317e+00 -2.432533516034893317e+00 -2.432533516034893317e+00 -2.432533516034893317e+00 -2.432533516034893317e+00 -2.432533516034893317e+00 -2.432533516034893317e+00 -2.432533516034893317e+00 -2.432533516034893317e+00 -2.432533516034893317e+00 -2.432533516034893317e+00 -2.432533516034893317e+00 -2.432533516034893317e+00 -2.432533516034893317e+00 -2.432533516034893317e+00 -2.432533516034893317e+00 -2.432533516034893317e+00 -2.432533516034893317e+00 -2.432533516034893317e+00 -2.432533516034893317e+00 -2.432533516034893317e+00 -2.432533516034893317e+00 -2.432533516034893317e+00 -2.432533516034893317e+00 -2.432533516034893317e+00 -2.432533516034893317e+00 -2.432533516034893317e+00 -2.432533516034893317e+00 -2.432533516034893317e+00 -2.432533516034893317e+00 -2.432533516034893317e+00 -2.432533516034893317e+00 -2.432533516034893317e+00 -2.432533516034893317e+00 -2.432533516034893317e+00 -2.432533516034893317e+00 -2.432533516034893317e+00 -2.432533516034893317e+00 -2.432533516034893317e+00 -2.432533516034893317e+00 -2.432533516034893317e+00 -2.432533516034893317e+00 -2.432533516034893317e+00 -2.432533516034893317e+00 -2.432533516034893317e+00 -2.432533516034893317e+00 -2.432533516034893317e+00 -2.432533516034893317e+00 -2.432533516034893317e+00 -2.432533516034893317e+00 -2.432533516034893317e+00 -2.432533516034893317e+00 -2.432533516034893317e+00 -2.432533516034893317e+00 -2.432533516034893317e+00 -2.432533516034893317e+00 -2.432533516034893317e+00 -2.432533516034893317e+00 -2.432533516034893317e+00 -2.432533516034893317e+00 -2.432533516034893317e+00 -2.432533516034893317e+00 -2.432533516034893317e+00 -2.432533516034893317e+00 -2.432533516034893317e+00 -2.432533516034893317e+00 -2.432533516034893317e+00 -2.432539401224228293e+00 -2.432539401224228293e+00 -2.432539401224228293e+00 -2.432539401224228293e+00 -2.432539401224228293e+00 -2.432539401224228293e+00 -2.432539401224228293e+00 -2.432539401224228293e+00 -2.432539401224228293e+00 -2.432539401224228293e+00
1.744160327184644643e+00 1.744160327184644643e+00 5.337886401968953143e-01 5.337886401968953143e-01 5.337886401968953143e-01 5.337886401968953143e-01 5.337886401968953143e-01 3.922066524519629005e-01 3.922066524519629005e-01 -8.305536391245820216e-01 -8.305536391245820216e-01 -8.305536391245820216e-01 -1.036542025282167323e+00 -1.036542025282167323e+00 -1.036542025282167323e+00 -1.036542025282167323e+00 -1.080838347181706682e+00 -1.080838347181706682e+00 -1.080838347181706682e+00 -1.080838347181706682e+00 -1.080838347181706682e+00 -1.080838347181706682e+00 -1.080838347181706682e+00 -1.080838347181706682e+00 -1.080838347181706682e+00 -1.354692256752610069e+00 -1.354692256752610069e+00 -1.354692256752610069e+00 -1.354692256752610069e+00 -1.460562911300181232e+00 -1.460562911300181232e+00 -1.487991689653883842e+00 -1.487991689653883842e+00 -1.551430005123580536e+00 -1.551430005123580536e+00 -1.551430005123580536e+00 -1.593129395699583339e+00 -1.593129395699583339e+00 -1.593129395699583339e+00 -1.593129395699583339e+00 -1.593129395699583339e+00 -1.593129395699583339e+00 -1.593129395699583339e+00 -1.593129395699583339e+00 -1.642052756771959832e+00 -1.642052756771959832e+00 -1.642052756771959832e+00 -1.642052756771959832e+00 -1.642052756771959832e+00 -1.642052756771959832e+00 -1.646292481319032719e+00 -1.646292481319032719e+00 -1.646292481319032719e+00 -1.646292481319032719e+00 -1.646292481319032719e+00 -1.671813867505358431e+00 -1.671813867505358431e+00 -1.671813867505358431e+00 -1.671813867505358431e+00 -1.881709471760754759e+00 -1.881709471760754759e+00 -1.978980393968751361e+00 -1.978980393968751361e+00 -1.978980393968751361e+00 -1.978980393968751361e+00 -1.978980393968751361e+00 -1.978980393968751361e+00 -1.978980393968751361e+00 -1.978980393968751361e+00 -1.978980393968751361e+00 -2.059116786914425123e+00 -2.059116786914425123e+00 -2.059116786914425123e+00 -2.059116786914425123e+00 -2.059116786914425123e+00 -2.059116786914425123e+00 -2.059116786914425123e+00 -2.059116786914425123e+00 -2.199896067103410680e+00 -2.314173693243191998e+00 -2.314173693243191998e+00 -2.314173693243191998e+00 -2.314173693243191998e+00 -2.314173693243191998e+00 -2.314173693243191998e+00 -2.638542315425916218e+00 -2.638542315425916218e+00 -2.638542315425916218e+00 -2.638542315425916218e+00 -2.638542315425916218e+00 -2.638542315425916218e+00 -2.638542315425916218e+00 -2.638542315425916218e+00 -2.638542315425916218e+00 -2.638542315425916218e+00 -2.638542315425916218e+00 -2.638542315425916218e+00 -2.638542315425916218e+00 -2.638542315425916218e+00 -2.638542315425916218e+00
1.076850484537818751e-02 1.076850484537818751e-02 1.076850484537818751e-02 1.076850484537818751e-02 1.076850484537818751e-02 1.076850484537818751e-02 -2.324742587663348181e-01 -2.324742587663348181e-01 -4.039036842412678796e-01 -4.039036842412678796e-01 -4.039036842412678796e-01 -1.224911637854335877e+00 -1.224911637854335877e+00 -1.224911637854335877e+00 -1.224911637854335877e+00 -1.224911637854335877e+00 -1.224911637854335877e+00 -1.224911637854335877e+00 -1.253825639342130316e+00 -1.253825639342130316e+00 -1.253825639342130316e+00 -1.253825639342130316e+00 -1.253825639342130316e+00 -1.253825639342130316e+00 -1.253825639342130316e+00 -1.253825639342130316e+00 -1.253825639342130316e+00 -1.253825639342130316e+00 -1.253825639342130316e+00 -1.253825639342130316e+00 -1.253825639342130316e+00 -1.333519364340324254e+00 -1.333519364340324254e+00 -1.333519364340324254e+00 -1.333519364340324254e+00 -1.333519364340324254e+00 -1.333519364340324254e+00 -1.333519364340324254e+00 -1.333519364340324254e+00 -1.333519364340324254e+00 -1.333519364340324254e+00 -1.333519364340324254e+00 -1.333519364340324254e+00 -1.333519364340324254e+00 -1.333519364340324254e+00 -1.333519364340324254e+00 -1.333519364340324254e+00 -1.333519364340324254e+00 -1.333519364340324254e+00 -1.333519364340324254e+00 -1.333519364340324254e+00 -1.333519364340324254e+00 -1.333519364340324254e+00 -1.503788353584552429e+00 -1.503788353584552429e+00 -1.503788353584552429e+00 -1.503788353584552429e+00 -1.503788353584552429e+00 -1.628631692303557532e+00 -1.628631692303557532e+00 -1.628631692303557532e+00 -1.628631692303557532e+00 -1.628631692303557532e+00 -1.628631692303557532e+00 -1.650242613964154836e+00 -1.650242613964154836e+00 -1.650242613964154836e+00 -1.650242613964154836e+00 -1.650242613964154836e+00 -1.650242613964154836e+00 -1.650242613964154836e+00 -1.650242613964154836e+00 -1.650242613964154836e+00 -1.650242613964154836e+00 -1.650242613964154836e+00 -1.650242613964154836e+00 -1.650242613964154836e+00 -1.650242613964154836e+00 -1.650242613964154836e+00 -1.650242613964154836e+00 -1.650242613964154836e+00 -1.650242613964154836e+00 -1.650242613964154836e+00 -1.650242613964154836e+00 -2.050066015429435229e+00 -2.050066015429435229e+00 -2.050066015429435229e+00 -2.050066015429435229e+00 -2.050066015429435229e+00 -2.050066015429435229e+00 -2.050066015429435229e+00 -2.050066015429435229e+00 -2.050066015429435229e+00 -2.050066015429435229e+00 -2.050066015429435229e+00 -2.050066015429435229e+00 -2.050066015429435229e+00 -2.050066015429435229e+00 -2.050066015429435229e+00 -2.050066015429435229e+00
2.935497039956961096e+00 2.935497039956961096e+00 2.935497039956961096e+00 2.935497039956961096e+00 2.935497039956961096e+00 2.935497039956961096e+00 2.935497039956961096e+00 2.935497039956961096e+00 2.935497039956961096e+00 2.935497039956961096e+00 2.935497039956961096e+00 2.935497039956961096e+00 2.935497039956961096e+00 2.913079977193957504e+00 2.913079977193957504e+00 2.853936774296384371e+00 2.853936774296384371e+00 2.853936774296384371e+00 2.703911205170111742e+00 2.540107884240706326e+00 2.362835504229337413e+00 2.229281204141821071e+00 2.229281204141821071e+00 2.229281204141821071e+00 2.229281204141821071e+00 1.968145947338747925e+00 1.968145947338747925e+00 1.968145947338747925e+00 1.968145947338747925e+00 1.968145947338747925e+00 1.968145947338747925e+00 1.968145947338747925e+00 1.968145947338747925e+00 1.968145947338747925e+00 1.902245865617746112e+00 1.902245865617746112e+00 1.902245865617746112e+00 1.902245865617746112e+00 1.902245865617746112e+00 1.902245865617746112e+00 1.902245865617746112e+00 1.902245865617746112e+00 1.902245865617746112e+00 1.902245865617746112e+00 1.455964304542544330e+00 1.455964304542544330e+00 1.268667356446649741e+00 7.894306488234856811e-01 7.894306488234856811e-01 7.894306488234856811e-01 7.894306488234856811e-01 7.894306488234856811e-01 7.894306488234856811e-01 7.894306488234856811e-01 7.894306488234856811e-01 7.894306488234856811e-01 7.894306488234856811e-01 7.894306488234856811e-01 7.894306488234856811e-01 7.894306488234856811e-01 7.894306488234856811e-01 7.894306488234856811e-01 6.679949101854243398e-01 6.679949101854243398e-01 6.679949101854243398e-01 6.679949101854243398e-01 6.679949101854243398e-01 6.679949101854243398e-01 6.679949101854243398e-01 -1.006622080369257821e+00 -1.563878327242248290e+00 -1.563878327242248290e+00 -1.563878327242248290e+00 -1.563878327242248290e+00 -1.563878327242248290e+00 -1.563878327242248290e+00 -1.563878327242248290e+00 -1.563878327242248290e+00 -1.563878327242248290e+00 -1.563878327242248290e+00 -1.563878327242248290e+00 -1.563878327242248290e+00 -1.563878327242248290e+00 -1.563878327242248290e+00 -1.563878327242248290e+00 -1.563878327242248290e+00 -1.563878327242248290e+00 -1.563878327242248290e+00 -1.563878327242248290e+00 -1.563878327242248290e+00 -1.563878327242248290e+00 -1.634407480482231279e+00 -1.634407480482231279e+00 -1.634407480482231279e+00 -1.634407480482231279e+00 -1.634407480482231279e+00 -1.634407480482231279e+00 -1.634407480482231279e+00 -1.634407480482231279e+00 -1.634407480482231279e+00
-1.317920129146502028e-01 -2.966716540493141707e-01 -2.966716540493141707e-01 -4.340652797471281077e-01 -4.340652797471281077e-01 -4.340652797471281077e-01 -4.753879917700914448e-01 -4.753879917700914448e-01 -4.753879917700914448e-01 -4.753879917700914448e-01 -4.753879917700914448e-01 -4.753879917700914448e-01 -4.753879917700914448e-01 -4.753879917700914448e-01 -4.753879917700914448e-01 -4.753879917700914448e-01 -4.753879917700914448e-01 -4.753879917700914448e-01 -4.753879917700914448e-01 -4.753879917700914448e-01 -4.753879917700914448e-01 -4.753879917700914448e-01 -4.753879917700914448e-01 -4.753879917700914448e-01 -5.078893823687725684e-01 -5.078893823687725684e-01 -5.665583412450164724e-01 -6.180938512013792741e-01 -6.180938512013792741e-01 -6.180938512013792741e-01 -6.180938512013792741e-01 -6.180938512013792741e-01 -6.180938512013792741e-01 -6.180938512013792741e-01 -6.180938512013792741e-01 -1.027190999407813665e+00 -1.027190999407813665e+00 -1.027190999407813665e+00 -1.027190999407813665e+00 -1.027190999407813665e+00 -1.027190999407813665e+00 -1.027190999407813665e+00 -1.568042986788898752e+00 -2.093314878037788596e+00 -2.244419852277083738e+00 -2.244419852277083738e+00 -2.244419852277083738e+00 -2.244419852277083738e+00 -2.244419852277083738e+00 -2.244419852277083738e+00 -2.244419852277083738e+00 -2.244419852277083738e+00 -2.273129812279522710e+00 -2.273129812279522710e+00 -2.273129812279522710e+00 -2.273129812279522710e+00 -2.273129812279522710e+00 -2.273129812279522710e+00 -2.273129812279522710e+00 -2.293226801589480779e+00 -2.338878315519147488e+00 -2.948397929789832173e+00 -2.948397929789832173e+00 -3.020793951568585989e+00 -3.020793951568585989e+00 -3.020793951568585989e+00 -3.020793951568585989e+00 -3.020793951568585989e+00 -3.020793951568585989e+00 -3.020793951568585989e+00 -3.020793951568585989e+00 -3.020793951568585989e+00 -3.020793951568585989e+00 -3.020793951568585989e+00 -3.020793951568585989e+00 -3.063232536845488685e+00 -3.063232536845488685e+00 -3.063232536845488685e+00 -3.063232536845488685e+00 -3.063232536845488685e+00 -3.063232536845488685e+00 -3.063232536845488685e+00 -3.063232536845488685e+00 -3.063232536845488685e+00 -3.063232536845488685e+00 -3.063232536845488685e+00 -3.063232536845488685e+00 -3.063232536845488685e+00 -3.063232536845488685e+00 -3.063232536845488685e+00 -3.063232536845488685e+00 -3.063232536845488685e+00 -3.063232536845488685e+00 -3.063232536845488685e+00 -3.063232536845488685e+00 -3.063232536845488685e+00 -3.063232536845488685e+00 -3.063232536845488685e+00 -3.063232536845488685e+00 -3.063232536845488685e+00
9.462734554911837737e-02 9.462734554911837737e-02 9.462734554911837737e-02 7.245025583939797287e-02 7.245025583939797287e-02 7.245025583939797287e-02 7.245025583939797287e-02 7.245025583939797287e-02 7.245025583939797287e-02 7.245025583939797287e-02 7.244680259552216395e-02 7.244680259552216395e-02 7.244680259552216395e-02 7.244680259552216395e-02 7.244680259552216395e-02 7.244680259552216395e-02 7.244680259552216395e-02 7.244680259552216395e-02 7.244680259552216395e-02 7.244680259552216395e-02 7.244680259552216395e-02 -5.542224184490494171e-02 -5.542224184490494171e-02 -5.542224184490494171e-02 -5.542224184490494171e-02 -5.542224184490494171e-02 -5.542224184490494171e-02 -7.025729684800952057e-02 -7.025729684800952057e-02 -7.025729684800952057e-02 -7.025729684800952057e-02 -7.025729684800952057e-02 -7.025729684800952057e-02 -7.025729684800952057e-02 -7.025729684800952057e-02 -1.630512962436951874e-01 -1.630512962436951874e-01 -1.630512962436951874e-01 -1.630512962436951874e-01 -1.630512962436951874e-01 -1.630512962436951874e-01 -1.630512962436951874e-01 -1.630512962436951874e-01 -1.630512962436951874e-01 -1.890289258837659636e-01 -1.890289258837659636e-01 -1.890289258837659636e-01 -1.890289258837659636e-01 -1.890289258837659636e-01 -1.890289258837659636e-01 -1.890289258837659636e-01 -1.890289258837659636e-01 -1.890289258837659636e-01 -1.890289258837659636e-01 -1.890289258837659636e-01 -1.890289258837659636e-01 -1.890289258837659636e-01 -1.890289258837659636e-01 -1.890289258837659636e-01 -1.890289258837659636e-01 -1.890289258837659636e-01 -1.890289258837659636e-01 -1.890289258837659636e-01 -1.890289258837659636e-01 -1.890289258837659636e-01 -1.890289258837659636e-01 -1.890289258837659636e-01 -1.890289258837659636e-01 -1.890289258837659636e-01 -1.890289258837659636e-01 -1.890289258837659636e-01 -1.890289258837659636e-01 -1.890289258837659636e-01 -1.890289258837659636e-01 -1.890289258837659636e-01 -1.890289258837659636e-01 -3.370165840295469284e-01 -3.370165840295469284e-01 -3.370165840295469284e-01 -3.370165840295469284e-01 -3.370165840295469284e-01 -3.370165840295469284e-01 -3.370165840295469284e-01 -3.370165840295469284e-01 -3.370165840295469284e-01 -3.370165840295469284e-01 -3.370165840295469284e-01 -3.370165840295469284e-01 -3.370165840295469284e-01 -3.370165840295469284e-01 -3.370165840295469284e-01 -3.370165840295469284e-01 -3.370165840295469284e-01 -3.370165840295469284e-01 -3.370165840295469284e-01 -3.370165840295469284e-01 -3.370165840295469284e-01 -3.370165840295469284e-01 -3.370165840295469284e-01 -3.370165840295469284e-01
1.929231091305680379e-01 1.929231091305680379e-01 1.929231091305680379e-01 1.929231091305680379e-01 1.929231091305680379e-01 1.929231091305680379e-01 1.929231091305680379e-01 1.929231091305680379e-01 1.929231091305680379e-01 1.929231091305680379e-01 1.929231091305680379e-01 1.929231091305680379e-01 1.929231091305680379e-01 1.889285396068639544e-01 1.889285396068639544e-01 1.889285396068639544e-01 1.889285396068639544e-01 1.889285396068639544e-01 1.889285396068639544e-01 1.889285396068639544e-01 1.889285396068639544e-01 1.889285396068639544e-01 1.889285396068639544e-01 1.889285396068639544e-01 1.889285396068639544e-01 1.889285396068639544e-01 1.378399967275520943e-01 3.037705563517170346e-02 3.037705563517170346e-02 3.037705563517170346e-02 3.037705563517170346e-02 3.037705563517170346e-02 3.037705563517170346e-02 3.037705563517170346e-02 3.037705563517170346e-02 3.037705563517170346e-02 3.037705563517170346e-02 3.037705563517170346e-02 3.037705563517170346e-02 3.037705563517170346e-02 3.037705563517170346e-02 3.037705563517170346e-02 3.037705563517170346e-02 3.037705563517170346e-02 3.037705563517170346e-02 -5.649446608546244697e-01 -5.728523399465911270e-01 -5.728523399465911270e-01 -5.728523399465911270e-01 -5.728523399465911270e-01 -5.728523399465911270e-01 -5.728523399465911270e-01 -8.517428737678395256e-01 -8.517428737678395256e-01 -8.517428737678395256e-01 -8.517428737678395256e-01 -8.517428737678395256e-01 -8.517428737678395256e-01 -8.517428737678395256e-01 -8.517428737678395256e-01 -8.517428737678395256e-01 -8.517428737678395256e-01 -8.517428737678395256e-01 -8.517428737678395256e-01 -8.517428737678395256e-01 -8.517428737678395256e-01 -8.517428737678395256e-01 -8.517428737678395256e-01 -8.517428737678395256e-01 -8.517428737678395256e-01 -8.517428737678395256e-01 -8.517428737678395256e-01 -8.517428737678395256e-01 -8.517428737678395256e-01 -8.517428737678395256e-01 -8.517428737678395256e-01 -8.517428737678395256e-01 -8.517428737678395256e-01 -8.517428737678395256e-01 -8.517428737678395256e-01 -8.517428737678395256e-01 -8.517428737678395256e-01 -8.517428737678395256e-01 -2.576951706857469215e+00 -2.576951706857469215e+00 -2.576951706857469215e+00 -2.576951706857469215e+00 -2.576951706857469215e+00 -2.576951706857469215e+00 -2.576951706857469215e+00 -2.576951706857469215e+00 -2.576951706857469215e+00 -2.576951706857469215e+00 -2.576951706857469215e+00 -2.576951706857469215e+00 -2.576951706857469215e+00 -2.576951706857469215e+00 -2.576951706857469215e+00 -2.576951706857469215e+00 -2.576951706857469215e+00
-9.407316956968025945e-01 -1.350767202402578970e+00 -1.350767202402578970e+00 -1.350767202402578970e+00 -1.350767202402578970e+00 -1.350767202402578970e+00 -1.430159682606962246e+00 -1.481848596220290082e+00 -1.481848596220290082e+00 -3.164532047502716772e+00 -3.164532047502716772e+00 -4.122310478809235512e+00 -4.122310478809235512e+00 -4.122310478809235512e+00 -4.122310478809235512e+00 -4.122310478809235512e+00 -4.122310478809235512e+00 -4.122785958682783303e+00 -4.563508829560487534e+00 -4.563508829560487534e+00 -4.563508829560487534e+00 -4.996398234470121658e+00 -4.996398234470121658e+00 -5.243951056661269483e+00 -5.243951056661269483e+00 -5.243951056661269483e+00 -5.243951056661269483e+00 -5.243951056661269483e+00 -5.243951056661269483e+00 -5.243951056661269483e+00 -5.243951056661269483e+00 -5.657208604876385216e+00 -5.657208604876385216e+00 -5.657208604876385216e+00 -5.710160165508071373e+00 -6.053998461637019268e+00 -6.053998461637019268e+00 -6.053998461637019268e+00 -6.053998461637019268e+00 -6.053998461637019268e+00 -6.151456972974788329e+00 -6.151456972974788329e+00 -6.151456972974788329e+00 -6.151456972974788329e+00 -6.151456972974788329e+00 -6.151456972974788329e+00 -6.151456972974788329e+00 -6.151456972974788329e+00 -6.151456972974788329e+00 -6.151456972974788329e+00 -6.151456972974788329e+00 -6.151456972974788329e+00 -6.151456972974788329e+00 -6.151456972974788329e+00 -6.151456972974788329e+00 -6.151456972974788329e+00 -6.151456972974788329e+00 -6.151456972974788329e+00 -6.151456972974788329e+00 -6.151456972974788329e+00 -6.151456972974788329e+00 -6.151456972974788329e+00 -6.151456972974788329e+00 -6.151456972974788329e+00 -6.151456972974788329e+00 -6.151456972974788329e+00 -6.159706595632757242e+00 -6.159706595632757242e+00 -6.159706595632757242e+00 -6.159706595632757242e+00 -6.159706595632757242e+00 -6.159706595632757242e+00 -6.159706595632757242e+00 -6.159706595632757242e+00 -6.159706595632757242e+00 -6.161641355005943232e+00 -6.161641355005943232e+00 -6.161641355005943232e+00 -6.161641355005943232e+00 -6.161641355005943232e+00 -6.161641355005943232e+00 -6.161641355005943232e+00 -6.175786577350528717e+00 -6.175786577350528717e+00 -6.175786577350528717e+00 -6.175786577350528717e+00 -6.175786577350528717e+00 -6.175786577350528717e+00 -6.175786577350528717e+00 -6.175786577350528717e+00 -6.194111569336528511e+00 -6.194111569336528511e+00 -6.194111569336528511e+00 -6.194111569336528511e+00 -6.194111569336528511e+00 -6.195298254356472967e+00 -6.223723422800411242e+00 -6.223723422800411242e+00 -6.223723422800411242e+00 -6.223723422800411242e+00
-1.755766813881037619e-03 -1.755766813881037619e-03 -1.755766813881037619e-03 -1.755766813881037619e-03 -8.590346983464487718e-02 -8.590346983464487718e-02 -8.590346983464487718e-02 -1.204553447740002448e-01 -1.204553447740002448e-01 -1.204553447740002448e-01 -1.204553447740002448e-01 -1.204553447740002448e-01 -1.204553447740002448e-01 -1.204553447740002448e-01 -1.204553447740002448e-01 -1.204553447740002448e-01 -1.204553447740002448e-01 -1.204553447740002448e-01 -1.204553447740002448e-01 -1.204553447740002448e-01 -1.204553447740002448e-01 -1.204553447740002448e-01 -1.204553447740002448e-01 -1.204553447740002448e-01 -1.204553447740002448e-01 -1.204553447740002448e-01 -1.204553447740002448e-01 -1.204553447740002448e-01 -1.204553447740002448e-01 -1.204553447740002448e-01 -1.204553447740002448e-01 -1.992035506497749076e-01 -1.992035506497749076e-01 -1.992035506497749076e-01 -1.992035506497749076e-01 -1.992035506497749076e-01 -1.992035506497749076e-01 -1.992035506497749076e-01 -1.992035506497749076e-01 -1.992035506497749076e-01 -1.992035506497749076e-01 -1.992035506497749076e-01 -1.992035506497749076e-01 -1.992035506497749076e-01 -1.992035506497749076e-01 -1.992035506497749076e-01 -1.992035506497749076e-01 -1.992035506497749076e-01 -3.132959699391966724e-01 -3.132959699391966724e-01 -3.132959699391966724e-01 -3.132959699391966724e-01 -3.132959699391966724e-01 -3.132959699391966724e-01 -3.132959699391966724e-01 -3.132959699391966724e-01 -3.132959699391966724e-01 -3.132959699391966724e-01 -3.132959699391966724e-01 -3.132959699391966724e-01 -3.132959699391966724e-01 -3.132959699391966724e-01 -3.132959699391966724e-01 -3.132959699391966724e-01 -3.132959699391966724e-01 -3.132959699391966724e-01 -3.132959699391966724e-01 -3.132959699391966724e-01 -3.132959699391966724e-01 -3.132959699391966724e-01 -3.132959699391966724e-01 -3.132959699391966724e-01 -3.132959699391966724e-01 -9.957130244188996393e-01 -9.957130244188996393e-01 -9.957130244188996393e-01 -9.957130244188996393e-01 -9.957130244188996393e-01 -9.957130244188996393e-01 -9.957130244188996393e-01 -9.957130244188996393e-01 -9.957130244188996393e-01 -9.957130244188996393e-01 -9.957130244188996393e-01 -9.957130244188996393e-01 -9.957130244188996393e-01 -9.957130244188996393e-01 -9.957130244188996393e-01 -9.957130244188996393e-01 -9.957130244188996393e-01 -9.957130244188996393e-01 -9.957130244188996393e-01 -9.957130244188996393e-01 -9.957130244188996393e-01 -9.957130244188996393e-01 -9.957130244188996393e-01 -9.957130244188996393e-01 -9.957130244188996393e-01 -9.957130244188996393e-01 -9.957130244188996393e-01
-7.299568888968602787e-01 -7.858613358939811055e-01 -7.858613358939811055e-01 -8.103968142981595735e-01 -8.103968142981595735e-01 -8.103968142981595735e-01 -8.103968142981595735e-01 -8.103968142981595735e-01 -8.103968142981595735e-01 -8.103968142981595735e-01 -9.939361494913905304e-01 -9.939361494913905304e-01 -9.939361494913905304e-01 -9.939361494913905304e-01 -9.939361494913905304e-01 -9.939361494913905304e-01 -9.939361494913905304e-01 -9.939361494913905304e-01 -1.103449952003645373e+00 -1.357258085564940098e+00 -1.357258085564940098e+00 -1.357258085564940098e+00 -1.357258085564940098e+00 -1.357258085564940098e+00 -2.750099081311272897e+00 -4.153333777174553987e+00 -4.153333777174553987e+00 -4.153333777174553987e+00 -4.153333777174553987e+00 -4.501184758303298672e+00 -4.501184758303298672e+00 -4.501184758303298672e+00 -4.501184758303298672e+00 -4.875461116705096742e+00 -5.144204933345884356e+00 -5.144204933345884356e+00 -5.144204933345884356e+00 -5.173515975524348498e+00 -5.173515975524348498e+00 -5.173515975524348498e+00 -5.173515975524348498e+00 -5.368424712485405870e+00 -5.484601514038491388e+00 -5.484601514038491388e+00 -5.602426436425144374e+00 -5.602426436425144374e+00 -5.602426436425144374e+00 -5.602426436425144374e+00 -5.602426436425144374e+00 -5.602426436425144374e+00 -5.602426436425144374e+00 -5.602426436425144374e+00 -5.602426436425144374e+00 -5.602426436425144374e+00 -5.602426436425144374e+00 -5.659197527130631400e+00 -5.659197527130631400e+00 -5.659197527130631400e+00 -5.659197527130631400e+00 -5.659197527130631400e+00 -5.697670405045075270e+00 -5.778517647125510415e+00 -5.778517647125510415e+00 -5.778517647125510415e+00 -5.778517647125510415e+00 -5.778517647125510415e+00 -5.778517647125510415e+00 -5.778517647125510415e+00 -5.778517647125510415e+00 -5.778517647125510415e+00 -5.778517647125510415e+00 -5.778517647125510415e+00 -5.778517647125510415e+00 -5.778517647125510415e+00 -5.778517647125510415e+00 -5.778517647125510415e+00 -5.778517647125510415e+00 -5.885115357178912987e+00 -5.885115357178912987e+00 -5.885115357178912987e+00 -5.885115357178912987e+00 -5.885115357178912987e+00 -5.885115357178912987e+00 -5.885115357178912987e+00 -5.885115357178912987e+00 -5.885115357178912987e+00 -5.885115357178912987e+00 -5.885115357178912987e+00 -5.885115357178912987e+00 -5.885115357178912987e+00 -5.885115357178912987e+00 -5.885115357178912987e+00 -5.885115357178912987e+00 -5.885115357178912987e+00 -5.885115357178912987e+00 -5.885115357178912987e+00 -5.885115357178912987e+00 -5.885115357178912987e+00 -5.885115357178912987e+00 -5.885115357178912987e+00
-5.409528149097038163e-01 -5.409528149097038163e-01 -5.409528149097038163e-01 -5.409528149097038163e-01 -5.409528149097038163e-01 -5.409528149097038163e-01 -8.441393665281794467e-01 -8.441393665281794467e-01 -8.441393665281794467e-01 -8.441393665281794467e-01 -8.441393665281794467e-01 -8.441393665281794467e-01 -8.441393665281794467e-01 -8.441393665281794467e-01 -9.499632013451085877e-01 -9.499632013451085877e-01 -9.499632013451085877e-01 -9.499632013451085877e-01 -9.499632013451085877e-01 -9.499632013451085877e-01 -9.499632013451085877e-01 -9.499632013451085877e-01 -9.499632013451085877e-01 -9.499632013451085877e-01 -9.499632013451085877e-01 -9.499632013451085877e-01 -9.499632013451085877e-01 -9.499632013451085877e-01 -9.499632013451085877e-01 -9.499632013451085877e-01 -9.499632013451085877e-01 -9.499632013451085877e-01 -9.499632013451085877e-01 -1.067735053360915565e+00 -1.067735053360915565e+00 -1.067735053360915565e+00 -1.067735053360915565e+00 -1.067735053360915565e+00 -1.085678160753355881e+00 -1.085678160753355881e+00 -1.085678160753355881e+00 -1.085678160753355881e+00 -1.085678160753355881e+00 -1.213469297582677964e+00 -1.213469297582677964e+00 -1.213469297582677964e+00 -1.213469297582677964e+00 -1.213469297582677964e+00 -1.213469297582677964e+00 -1.213469297582677964e+00 -1.213469297582677964e+00 -1.213469297582677964e+00 -1.213469297582677964e+00 -1.213469297582677964e+00 -1.213469297582677964e+00 -1.213469297582677964e+00 -1.213469297582677964e+00 -1.213469297582677964e+00 -1.213469297582677964e+00 -1.213469297582677964e+00 -1.216411025507061483e+00 -1.216411025507061483e+00 -1.216411025507061483e+00 -1.216411025507061483e+00 -1.366938791575877055e+00 -1.366938791575877055e+00 -1.366938791575877055e+00 -1.366938791575877055e+00 -1.366938791575877055e+00 -1.366938791575877055e+00 -1.366938791575877055e+00 -1.366938791575877055e+00 -1.368122435913558421e+00 -1.434214858533845893e+00 -1.434214858533845893e+00 -1.436867450659575551e+00 -1.467105447071643809e+00 -1.467105447071643809e+00 -1.467105447071643809e+00 -1.467105447071643809e+00 -1.519666843414287705e+00 -1.519666843414287705e+00 -1.519666843414287705e+00 -1.704655449097535191e+00 -1.704655449097535191e+00 -1.704655449097535191e+00 -1.704655449097535191e+00 -1.704655449097535191e+00 -1.704655449097535191e+00 -1.704655449097535191e+00 -1.734430766170811600e+00 -1.734430766170811600e+00 -1.734430766170811600e+00 -1.734430766170811600e+00 -1.734430766170811600e+00 -1.734430766170811600e+00 -1.734430766170811600e+00 -1.734430766170811600e+00 -1.734430766170811600e+00 -1.734430766170811600e+00
-8.692708719928166072e-01 -8.692708719928166072e-01 -8.692708719928166072e-01 -8.692708719928166072e-01 -8.692708719928166072e-01 -8.692708719928166072e-01 -8.692708719928166072e-01 -8.692708719928166072e-01 -8.692708719928166072e-01 -8.692708719928166072e-01 -8.692708719928166072e-01 -8.692708719928166072e-01 -8.692708719928166072e-01 -8.692708719928166072e-01 -8.692708719928166072e-01 -8.692708719928166072e-01 -8.692708719928166072e-01 -8.692708719928166072e-01 -8.692708719928166072e-01 -8.692708719928166072e-01 -8.692708719928166072e-01 -8.692708719928166072e-01 -8.692708719928166072e-01 -8.692708719928166072e-01 -8.692708719928166072e-01 -8.692708719928166072e-01 -8.692708719928166072e-01 -8.692708719928166072e-01 -8.692708719928166072e-01 -8.692708719928166072e-01 -8.692708719928166072e-01 -8.692708719928166072e-01 -8.692708719928166072e-01 -8.692708719928166072e-01 -8.692708719928166072e-01 -8.692708719928166072e-01 -9.546927962634276232e-01 -9.546927962634276232e-01 -9.546927962634276232e-01 -9.546927962634276232e-01 -9.546927962634276232e-01 -9.546927962634276232e-01 -9.546927962634276232e-01 -9.546927962634276232e-01 -9.546927962634276232e-01 -9.546927962634276232e-01 -9.546927962634276232e-01 -9.546927962634276232e-01 -9.546927962634276232e-01 -9.694892769772729402e-01 -9.694892769772729402e-01 -9.694892769772729402e-01 -9.694892769772729402e-01 -9.694892769772729402e-01 -9.694892769772729402e-01 -9.694892769772729402e-01 -9.694892769772729402e-01 -1.217238272578723413e+00 -1.217238272578723413e+00 -1.217238272578723413e+00 -1.217238272578723413e+00 -1.217238272578723413e+00 -1.217238272578723413e+00 -1.217238272578723413e+00 -1.217238272578723413e+00 -1.217238272578723413e+00 -1.217238272578723413e+00 -1.217238272578723413e+00 -1.217238272578723413e+00 -1.217238272578723413e+00 -1.217238272578723413e+00 -1.217238272578723413e+00 -1.217238272578723413e+00 -1.217238272578723413e+00 -1.217238272578723413e+00 -1.217238272578723413e+00 -1.217238272578723413e+00 -1.217238272578723413e+00 -1.217238272578723413e+00 -1.217238272578723413e+00 -1.217238272578723413e+00 -1.217238272578723413e+00 -1.217238272578723413e+00 -1.217238272578723413e+00 -1.217238272578723413e+00 -1.217238272578723413e+00 -1.217238272578723413e+00 -1.217238272578723413e+00 -1.217238272578723413e+00 -1.217238272578723413e+00 -1.217238272578723413e+00 -1.217238272578723413e+00 -1.217238272578723413e+00 -1.217238272578723413e+00 -1.217238272578723413e+00 -1.217238272578723413e+00 -1.217238272578723413e+00 -1.217238272578723413e+00 -1.217238272578723413e+00 -1.217238272578723413e+00
-1.720427735581114614e+00 -1.763646110729784722e+00 -1.763646110729784722e+00 -1.763646110729784722e+00 -1.763646110729784722e+00 -1.763646110729784722e+00 -1.763646110729784722e+00 -1.763646110729784722e+00 -1.763646110729784722e+00 -1.763646110729784722e+00 -1.763646110729784722e+00 -1.763646110729784722e+00 -1.763646110729784722e+00 -1.763646110729784722e+00 -1.787069482935929932e+00 -1.787069482935929932e+00 -2.110453630919152612e+00 -2.110453630919152612e+00 -2.110453630919152612e+00 -2.110453630919152612e+00 -2.156033653740517142e+00 -2.156033653740517142e+00 -2.156033653740517142e+00 -2.156033653740517142e+00 -2.156033653740517142e+00 -2.156033653740517142e+00 -2.156033653740517142e+00 -2.156033653740517142e+00 -2.156033653740517142e+00 -2.156033653740517142e+00 -2.156497751986013789e+00 -2.156497751986013789e+00 -2.156497751986013789e+00 -2.156497751986013789e+00 -2.156497751986013789e+00 -2.232454342239609701e+00 -2.314432673771330773e+00 -2.314432673771330773e+00 -2.314432673771330773e+00 -2.314432673771330773e+00 -2.314432673771330773e+00 -2.314432673771330773e+00 -2.314432673771330773e+00 -2.314432673771330773e+00 -2.314432673771330773e+00 -2.314432673771330773e+00 -2.314432673771330773e+00 -2.314432673771330773e+00 -2.314432673771330773e+00 -2.314432673771330773e+00 -2.641733169642789925e+00 -2.641733169642789925e+00 -2.641733169642789925e+00 -2.641733169642789925e+00 -2.641733169642789925e+00 -2.641733169642789925e+00 -2.641733169642789925e+00 -2.641733169642789925e+00 -2.641733169642789925e+00 -2.641733169642789925e+00 -2.641733169642789925e+00 -2.641733169642789925e+00 -2.641733169642789925e+00 -2.641733169642789925e+00 -2.641733169642789925e+00 -2.641733169642789925e+00 -2.641733169642789925e+00 -2.641733169642789925e+00 -2.641733169642789925e+00 -2.641733169642789925e+00 -2.641733169642789925e+00 -2.641733169642789925e+00 -2.641733169642789925e+00 -2.641733169642789925e+00 -2.641733169642789925e+00 -2.641733169642789925e+00 -2.641733169642789925e+00 -2.641733169642789925e+00 -2.641733169642789925e+00 -2.641733169642789925e+00 -2.641733169642789925e+00 -2.641733169642789925e+00 -2.695332728443782244e+00 -2.695332728443782244e+00 -2.695332728443782244e+00 -2.695332728443782244e+00 -2.695332728443782244e+00 -2.695332728443782244e+00 -2.695332728443782244e+00 -2.695332728443782244e+00 -2.695332728443782244e+00 -2.695332728443782244e+00 -2.695332728443782244e+00 -2.695332728443782244e+00 -2.695332728443782244e+00 -2.695332728443782244e+00 -2.695332728443782244e+00 -2.695332728443782244e+00 -2.695332728443782244e+00 -2.695332728443782244e+00
3.640540635973303907e-01 3.640540635973303907e-01 2.544679165505712715e-01 -2.242414744209862143e-01 -2.524122932730657465e-01 -2.524122932730657465e-01 -2.524122932730657465e-01 -3.193477441960463903e-01 -3.193477441960463903e-01 -3.193477441960463903e-01 -3.193477441960463903e-01 -3.193477441960463903e-01 -3.193477441960463903e-01 -1.472787084729426210e+00 -1.474146116938541695e+00 -1.745978133670072152e+00 -1.745978133670072152e+00 -1.745978133670072152e+00 -2.191264065200600353e+00 -2.191264065200600353e+00 -2.191264065200600353e+00 -2.191264065200600353e+00 -2.191264065200600353e+00 -2.241774792208652389e+00 -2.378960455353021253e+00 -2.378960455353021253e+00 -2.378960455353021253e+00 -2.378960455353021253e+00 -2.378960455353021253e+00 -2.378960455353021253e+00 -2.378960455353021253e+00 -2.378960455353021253e+00 -2.378960455353021253e+00 -2.378960455353021253e+00 -2.378960455353021253e+00 -2.378960455353021253e+00 -2.378960455353021253e+00 -2.514496143059420152e+00 -2.514496143059420152e+00 -2.514496143059420152e+00 -2.514496143059420152e+00 -2.514496143059420152e+00 -2.514496143059420152e+00 -2.514496143059420152e+00 -2.514496143059420152e+00 -2.514496143059420152e+00 -2.514496143059420152e+00 -2.514496143059420152e+00 -2.514496143059420152e+00 -2.514496143059420152e+00 -2.514496143059420152e+00 -2.514496143059420152e+00 -2.514496143059420152e+00 -2.514496143059420152e+00 -2.514496143059420152e+00 -2.514496143059420152e+00 -2.514496143059420152e+00 -2.514496143059420152e+00 -2.514496143059420152e+00 -2.628076609482484116e+00 -2.628076609482484116e+00 -2.628076609482484116e+00 -2.628076609482484116e+00 -2.628076609482484116e+00 -2.628076609482484116e+00 -2.628076609482484116e+00 -2.628076609482484116e+00 -2.628076609482484116e+00 -2.628076609482484116e+00 -2.628076609482484116e+00 -2.628076609482484116e+00 -2.628076609482484116e+00 -2.628076609482484116e+00 -2.628076609482484116e+00 -2.628076609482484116e+00 -2.628076609482484116e+00 -2.628076609482484116e+00 -2.628076609482484116e+00 -2.628076609482484116e+00 -2.628076609482484116e+00 -2.628076609482484116e+00 -2.628076609482484116e+00 -2.628076609482484116e+00 -2.628076609482484116e+00 -2.628076609482484116e+00 -2.628076609482484116e+00 -2.628076609482484116e+00 -2.628076609482484116e+00 -2.628076609482484116e+00 -2.628076609482484116e+00 -2.628076609482484116e+00 -2.628076609482484116e+00 -2.628076609482484116e+00 -2.628076609482484116e+00 -2.628076609482484116e+00 -2.628076609482484116e+00 -2.628076609482484116e+00 -2.628076609482484116e+00 -2.628076609482484116e+00 -2.628076609482484116e+00
-5.313551745932909576e-01 -5.313551745932909576e-01 -5.313551745932909576e-01 -5.313551745932909576e-01 -6.830149441358714935e-01 -6.830149441358714935e-01 -6.830149441358714935e-01 -6.830149441358714935e-01 -6.830149441358714935e-01 -6.949014086598286344e-01 -6.949014086598286344e-01 -6.949014086598286344e-01 -6.949014086598286344e-01 -6.949014086598286344e-01 -8.566768073463084665e-01 -1.299716613982014879e+00 -1.352863604977838419e+00 -1.352863604977838419e+00 -1.528820166751393650e+00 -1.528820166751393650e+00 -1.528820166751393650e+00 -1.528820166751393650e+00 -1.528820166751393650e+00 -1.528820166751393650e+00 -1.528820166751393650e+00 -1.528820166751393650e+00 -1.528820166751393650e+00 -1.528820166751393650e+00 -1.528820166751393650e+00 -1.840689071689084910e+00 -1.840689071689084910e+00 -1.840689071689084910e+00 -1.840689071689084910e+00 -1.840689071689084910e+00 -1.840689071689084910e+00 -1.840689071689084910e+00 -1.840689071689084910e+00 -1.840689071689084910e+00 -1.840689071689084910e+00 -1.840689071689084910e+00 -1.840689071689084910e+00 -1.840689071689084910e+00 -1.840689071689084910e+00 -1.840689071689084910e+00 -1.840689071689084910e+00 -1.840689071689084910e+00 -1.840689071689084910e+00 -1.840689071689084910e+00 -1.840689071689084910e+00 -1.840689071689084910e+00 -1.840689071689084910e+00 -1.840689071689084910e+00 -1.840689071689084910e+00 -1.840689071689084910e+00 -1.840689071689084910e+00 -1.840689071689084910e+00 -1.840689071689084910e+00 -1.840689071689084910e+00 -1.840689071689084910e+00 -1.840689071689084910e+00 -1.840689071689084910e+00 -1.840689071689084910e+00 -1.840689071689084910e+00 -1.840689071689084910e+00 -1.840689071689084910e+00 -1.840689071689084910e+00 -1.840689071689084910e+00 -1.840689071689084910e+00 -1.840689071689084910e+00 -1.840689071689084910e+00 -1.840689071689084910e+00 -1.840689071689084910e+00 -1.840689071689084910e+00 -1.840689071689084910e+00 -1.840689071689084910e+00 -1.840689071689084910e+00 -1.840689071689084910e+00 -1.840689071689084910e+00 -1.840689071689084910e+00 -1.840689071689084910e+00 -1.840689071689084910e+00 -1.840689071689084910e+00 -1.840689071689084910e+00 -1.840689071689084910e+00 -1.840689071689084910e+00 -1.840689071689084910e+00 -1.840689071689084910e+00 -1.840689071689084910e+00 -1.840689071689084910e+00 -1.840689071689084910e+00 -1.840689071689084910e+00 -1.840689071689084910e+00 -1.840689071689084910e+00 -1.840689071689084910e+00 -1.840689071689084910e+00 -1.840689071689084910e+00 -1.840689071689084910e+00 -1.840689071689084910e+00 -1.840689071689084910e+00 -1.840689071689084910e+00
-4.560310177083178318e-01 -4.560310177083178318e-01 -4.560310177083178318e-01 -4.560310177083178318e-01 -4.673999295218950745e-01 -4.673999295218950745e-01 -4.826409615769449157e-01 -4.858297743253200962e-01 -5.565265406474405596e-01 -5.954957983992381632e-01 -5.954957983992381632e-01 -5.954957983992381632e-01 -5.954957983992381632e-01 -5.954957983992381632e-01 -8.043654287899578703e-01 -8.043654287899578703e-01 -8.043654287899578703e-01 -8.043654287899578703e-01 -8.915236451512628113e-01 -8.915236451512628113e-01 -8.915236451512628113e-01 -8.915236451512628113e-01 -9.820716443179153821e-01 -9.820716443179153821e-01 -1.100650201099183434e+00 -1.100650201099183434e+00 -1.100650201099183434e+00 -1.100650201099183434e+00 -1.100650201099183434e+00 -1.100650201099183434e+00 -1.100650201099183434e+00 -1.100650201099183434e+00 -1.100650201099183434e+00 -1.100650201099183434e+00 -1.100650201099183434e+00 -1.100650201099183434e+00 -1.100650201099183434e+00 -1.100650201099183434e+00 -1.100650201099183434e+00 -1.100650201099183434e+00 -1.100650201099183434e+00 -1.100650201099183434e+00 -1.100650201099183434e+00 -1.100650201099183434e+00 -1.100650201099183434e+00 -1.100650201099183434e+00 -1.758149911638701157e+00 -1.758149911638701157e+00 -1.758149911638701157e+00 -1.758149911638701157e+00 -1.758149911638701157e+00 -1.758149911638701157e+00 -1.758149911638701157e+00 -1.758149911638701157e+00 -1.758149911638701157e+00 -1.758149911638701157e+00 -2.085544984328136398e+00 -2.085544984328136398e+00 -2.085544984328136398e+00 -2.210912073959554913e+00 -2.210912073959554913e+00 -2.210912073959554913e+00 -2.356362203961493318e+00 -2.356362203961493318e+00 -2.356362203961493318e+00 -2.356362203961493318e+00 -2.356362203961493318e+00 -2.356362203961493318e+00 -2.356362203961493318e+00 -2.483411336251937662e+00 -2.483411336251937662e+00 -2.483411336251937662e+00 -2.483411336251937662e+00 -2.483411336251937662e+00 -2.483411336251937662e+00 -2.483411336251937662e+00 -2.483411336251937662e+00 -2.483411336251937662e+00 -2.483411336251937662e+00 -2.483411336251937662e+00 -2.483411336251937662e+00 -2.568959163817287283e+00 -2.568959163817287283e+00 -2.568959163817287283e+00 -2.568959163817287283e+00 -2.568959163817287283e+00 -2.568959163817287283e+00 -2.568959163817287283e+00 -2.568959163817287283e+00 -2.570311764995738102e+00 -2.570311764995738102e+00 -2.570311764995738102e+00 -3.076066083888171931e+00 -3.076066083888171931e+00 -3.143112215051036440e+00 -3.143112215051036440e+00 -3.143112215051036440e+00 -3.143112215051036440e+00 -3.168007804682470230e+00 -3.168007804682470230e+00
2.459132504490311177e-01 -1.685929473121299330e-02 -9.825455129078841665e-02 -3.424116822574663210e-01 -7.260989632144499994e-01 -7.260989632144499994e-01 -8.631138360228629569e-01 -9.040915200136030450e-01 -9.040915200136030450e-01 -9.040915200136030450e-01 -9.042065222998079133e-01 -9.042065222998079133e-01 -1.143620242378609930e+00 -1.143620242378609930e+00 -1.143620242378609930e+00 -1.143620242378609930e+00 -2.004695960264800014e+00 -2.320091412190464997e+00 -2.320091412190464997e+00 -2.320091412190464997e+00 -2.320091412190464997e+00 -2.320094068651943786e+00 -2.320094068651943786e+00 -2.320094068651943786e+00 -2.320094068651943786e+00 -2.320094068651943786e+00 -2.320094068651943786e+00 -2.823034094601510890e+00 -2.823034094601510890e+00 -2.823034094601510890e+00 -2.823034094601510890e+00 -2.823034094601510890e+00 -2.823034094601510890e+00 -2.823034094601510890e+00 -2.823034094601510890e+00 -2.823034094601510890e+00 -2.823034094601510890e+00 -2.823034094601510890e+00 -2.823034094601510890e+00 -2.823034094601510890e+00 -2.823034094601510890e+00 -2.823034094601510890e+00 -4.024726750074576920e+00 -4.024726750074576920e+00 -4.024726750074576920e+00 -4.024726750074576920e+00 -4.024726750074576920e+00 -4.024726750074576920e+00 -4.024726750074576920e+00 -4.024726750074576920e+00 -4.024726750074576920e+00 -4.196194675755325676e+00 -4.196194675755325676e+00 -4.196194675755325676e+00 -4.196194675755325676e+00 -4.196194675755325676e+00 -4.196194675755325676e+00 -4.196194675755325676e+00 -4.196194675755325676e+00 -4.196194675755325676e+00 -4.196194675755325676e+00 -4.196194675755325676e+00 -4.205161100132840168e+00 -4.205161100132840168e+00 -4.205161100132840168e+00 -4.205161100132840168e+00 -4.205161100132840168e+00 -4.205161100132840168e+00 -4.205161100132840168e+00 -4.316022752389253370e+00 -4.316022752389253370e+00 -4.316022752389253370e+00 -4.316022752389253370e+00 -4.316022752389253370e+00 -4.316022752389253370e+00 -4.316022752389253370e+00 -4.316022752389253370e+00 -4.316022752389253370e+00 -4.496236732790724666e+00 -4.496236732790724666e+00 -4.496236732790724666e+00 -4.496236732790724666e+00 -4.535829135064984641e+00 -4.535829135064984641e+00 -4.535829135064984641e+00 -4.535829135064984641e+00 -4.535829135064984641e+00 -4.535829135064984641e+00 -4.535829135064984641e+00 -4.535829135064984641e+00 -4.535829135064984641e+00 -4.535829135064984641e+00 -4.535829135064984641e+00 -4.535829135064984641e+00 -4.535829135064984641e+00 -4.535829135064984641e+00 -4.535829135064984641e+00 -4.535829135064984641e+00 -4.535829135064984641e+00 -4.535829135064984641e+00
1.553602564174466627e-01 1.553602564174466627e-01 1.553602564174466627e-01 1.553602564174466627e-01 1.553602564174466627e-01 1.553602564174466627e-01 1.553602564174466627e-01 -2.177018542588210134e-02 -2.177018542588210134e-02 -2.177018542588210134e-02 -2.177018542588210134e-02 -2.177018542588210134e-02 -2.177018542588210134e-02 -2.177018542588210134e-02 -2.177018542588210134e-02 -2.177018542588210134e-02 -2.177018542588210134e-02 -1.336608714840306633e-01 -1.336608714840306633e-01 -1.336608714840306633e-01 -1.336608714840306633e-01 -2.619988083196738704e-01 -2.619988083196738704e-01 -2.619988083196738704e-01 -2.619988083196738704e-01 -2.619988083196738704e-01 -2.619988083196738704e-01 -2.993858408651349223e-01 -2.993858408651349223e-01 -2.993858408651349223e-01 -2.993858408651349223e-01 -2.993858408651349223e-01 -2.993858408651349223e-01 -2.993858408651349223e-01 -2.993858408651349223e-01 -2.993858408651349223e-01 -2.993858408651349223e-01 -2.993858408651349223e-01 -2.993858408651349223e-01 -2.993858408651349223e-01 -2.993858408651349223e-01 -2.993858408651349223e-01 -2.993858408651349223e-01 -2.993858408651349223e-01 -2.993858408651349223e-01 -2.993858408651349223e-01 -2.993858408651349223e-01 -2.993858408651349223e-01 -2.993858408651349223e-01 -2.993858408651349223e-01 -2.993858408651349223e-01 -2.993858408651349223e-01 -2.993858408651349223e-01 -2.993858408651349223e-01 -2.993858408651349223e-01 -2.993858408651349223e-01 -2.993858408651349223e-01 -2.993858408651349223e-01 -2.993858408651349223e-01 -2.993858408651349223e-01 -2.993858408651349223e-01 -2.993858408651349223e-01 -2.993858408651349223e-01 -2.993858408651349223e-01 -2.993858408651349223e-01 -2.993858408651349223e-01 -2.993858408651349223e-01 -2.993858408651349223e-01 -2.993858408651349223e-01 -2.993858408651349223e-01 -2.993858408651349223e-01 -2.993858408651349223e-01 -2.993858408651349223e-01 -2.993858408651349223e-01 -6.187587427926600769e-01 -6.187587427926600769e-01 -6.187587427926600769e-01 -6.187587427926600769e-01 -6.187587427926600769e-01 -6.187587427926600769e-01 -6.187587427926600769e-01 -6.187587427926600769e-01 -6.187587427926600769e-01 -6.187587427926600769e-01 -6.187587427926600769e-01 -6.187587427926600769e-01 -6.187587427926600769e-01 -6.187587427926600769e-01 -6.187587427926600769e-01 -6.187587427926600769e-01 -7.259366083029866745e-01 -7.259366083029866745e-01 -7.259366083029866745e-01 -1.218499430769234282e+00 -1.218499430769234282e+00 -1.218499430769234282e+00 -1.218499430769234282e+00 -1.218499430769234282e+00 -1.218499430769234282e+00 -1.218499430769234282e+00
2.740952217739912530e-02 -5.197150047131707806e-01 -5.197150047131707806e-01 -5.197150047131707806e-01 -5.197150047131707806e-01 -5.197150047131707806e-01 -5.197150047131707806e-01 -5.989388694615638276e-01 -5.989388694615638276e-01 -5.989388694615638276e-01 -7.007645619006734883e-01 -7.007645619006734883e-01 -7.007645619006734883e-01 -7.007645619006734883e-01 -7.007645619006734883e-01 -7.494309220682086048e-01 -7.494309220682086048e-01 -7.494309220682086048e-01 -7.494309220682086048e-01 -7.494309220682086048e-01 -7.494309220682086048e-01 -7.494309220682086048e-01 -7.494309220682086048e-01 -7.494309220682086048e-01 -7.494309220682086048e-01 -7.494309220682086048e-01 -7.494309220682086048e-01 -7.494309220682086048e-01 -7.494309220682086048e-01 -7.494309220682086048e-01 -7.494309220682086048e-01 -7.494309220682086048e-01 -7.708951421775106505e-01 -7.708951421775106505e-01 -7.708951421775106505e-01 -9.844362912337734084e-01 -9.844362912337734084e-01 -9.844362912337734084e-01 -9.844362912337734084e-01 -9.844362912337734084e-01 -9.844362912337734084e-01 -9.844362912337734084e-01 -9.844362912337734084e-01 -9.844362912337734084e-01 -9.844362912337734084e-01 -9.844362912337734084e-01 -9.844362912337734084e-01 -9.844362912337734084e-01 -1.025743451294437891e+00 -1.025743451294437891e+00 -1.025743451294437891e+00 -1.025743451294437891e+00 -1.217552229702534294e+00 -1.217552229702534294e+00 -1.217552229702534294e+00 -1.217552229702534294e+00 -1.217552229702534294e+00 -1.217552229702534294e+00 -1.217552229702534294e+00 -1.217552229702534294e+00 -1.466446606493305493e+00 -1.706504212075212301e+00 -1.706504212075212301e+00 -1.706504212075212301e+00 -1.706504212075212301e+00 -1.706504212075212301e+00 -1.706504212075212301e+00 -1.706504212075212301e+00 -1.706504212075212301e+00 -1.706504212075212301e+00 -1.706504212075212301e+00 -1.706504212075212301e+00 -1.706504212075212301e+00 -1.706504212075212301e+00 -1.706504212075212301e+00 -1.735666561910512495e+00 -1.735666561910512495e+00 -1.735666561910512495e+00 -1.735666561910512495e+00 -1.735666561910512495e+00 -1.735666561910512495e+00 -1.735666561910512495e+00 -1.735666561910512495e+00 -1.735666561910512495e+00 -1.735666561910512495e+00 -1.735666561910512495e+00 -1.735666561910512495e+00 -1.735666561910512495e+00 -1.735666561910512495e+00 -1.735666561910512495e+00 -1.735666561910512495e+00 -1.735666561910512495e+00 -1.735666561910512495e+00 -1.735666561910512495e+00 -1.735666561910512495e+00 -1.817327374206785251e+00 -1.817327374206785251e+00 -1.817327374206785251e+00 -1.817327374206785251e+00 -1.817327374206785251e+00
1.308372100135309912e+00 3.836390038734530106e-01 3.836390038734530106e-01 3.836390038734530106e-01 3.836390038734530106e-01 3.836390038734530106e-01 3.836390038734530106e-01 3.836390038734530106e-01 3.836390038734530106e-01 3.836390038734530106e-01 3.836390038734530106e-01 3.836390038734530106e-01 3.836390038734530106e-01 3.836390038734530106e-01 3.836390038734530106e-01 3.836390038734530106e-01 3.836390038734530106e-01 3.836390038734530106e-01 3.836390038734530106e-01 3.836390038734530106e-01 3.836390038734530106e-01 3.836390038734530106e-01 2.343115807024747643e-01 2.343115807024747643e-01 2.343115807024747643e-01 2.343115807024747643e-01 2.343115807024747643e-01 2.343115807024747643e-01 1.379061711303849747e-01 -4.481940321415369133e-01 -4.481940321415369133e-01 -6.157643109234773870e-01 -6.157643109234773870e-01 -6.157643109234773870e-01 -6.157643109234773870e-01 -1.282606947531023778e+00 -1.282606947531023778e+00 -1.282606947531023778e+00 -1.387565527139962285e+00 -1.387565527139962285e+00 -1.387565527139962285e+00 -1.387565527139962285e+00 -1.387565527139962285e+00 -1.387565527139962285e+00 -1.387565527139962285e+00 -1.509426221746230423e+00 -1.509426221746230423e+00 -1.509426221746230423e+00 -1.509426221746230423e+00 -1.509426221746230423e+00 -1.509426221746230423e+00 -1.509426221746230423e+00 -1.509426221746230423e+00 -1.509426221746230423e+00 -1.509426221746230423e+00 -1.509426221746230423e+00 -1.896890935141704482e+00 -1.896890935141704482e+00 -2.345553978562476605e+00 -2.345553978562476605e+00 -2.345553978562476605e+00 -2.345553978562476605e+00 -2.345553978562476605e+00 -2.645013715251616659e+00 -2.645013715251616659e+00 -2.645013715251616659e+00 -2.645013715251616659e+00 -2.645013715251616659e+00 -2.645013715251616659e+00 -2.645013715251616659e+00 -2.645013715251616659e+00 -2.645013715251616659e+00 -2.645013715251616659e+00 -2.645013715251616659e+00 -2.645013715251616659e+00 -2.645013715251616659e+00 -2.645013715251616659e+00 -2.645013715251616659e+00 -2.645013715251616659e+00 -2.645013715251616659e+00 -2.645013715251616659e+00 -2.645013715251616659e+00 -2.645013715251616659e+00 -2.645013715251616659e+00 -2.645013715251616659e+00 -2.645013715251616659e+00 -2.645013715251616659e+00 -2.645013715251616659e+00 -2.645013715251616659e+00 -2.645013715251616659e+00 -2.645013715251616659e+00 -2.645013715251616659e+00 -2.645013715251616659e+00 -3.297154376287062316e+00 -3.297154376287062316e+00 -3.297154376287062316e+00 -3.297154376287062316e+00 -3.297154376287062316e+00 -3.297154376287062316e+00 -3.297154376287062316e+00
4.228983346260489773e-01 3.900126113996197907e-01 3.900126113996197907e-01 3.165553084021701102e-01 3.165553084021701102e-01 3.165553084021701102e-01 3.165553084021701102e-01 2.262750729011180906e-01 2.262750729011180906e-01 2.262750729011180906e-01 -1.558943866229271225e-01 -1.829867619216890839e-01 -1.829867619216890839e-01 -7.553234842875159449e-01 -7.553234842875159449e-01 -7.553234842875159449e-01 -7.553234842875159449e-01 -7.553234842875159449e-01 -7.553234842875159449e-01 -7.553234842875159449e-01 -7.553234842875159449e-01 -7.627961780323816443e-01 -7.627961780323816443e-01 -7.627961780323816443e-01 -7.627961780323816443e-01 -7.627961780323816443e-01 -7.627961780323816443e-01 -7.627961780323816443e-01 -7.627961780323816443e-01 -7.627961780323816443e-01 -7.627961780323816443e-01 -7.627961780323816443e-01 -7.627961780323816443e-01 -7.627961780323816443e-01 -7.627961780323816443e-01 -7.627961780323816443e-01 -7.627961780323816443e-01 -7.627961780323816443e-01 -7.627961780323816443e-01 -7.627961780323816443e-01 -7.627961780323816443e-01 -7.627961780323816443e-01 -7.627961780323816443e-01 -7.627961780323816443e-01 -7.627961780323816443e-01 -7.627961780323816443e-01 -7.627961780323816443e-01 -7.627961780323816443e-01 -7.627961780323816443e-01 -7.627961780323816443e-01 -7.627961780323816443e-01 -7.627961780323816443e-01 -7.627961780323816443e-01 -7.627961780323816443e-01 -7.627961780323816443e-01 -7.627961780323816443e-01 -7.627961780323816443e-01 -7.627961780323816443e-01 -7.627961780323816443e-01 -8.201516479433115236e-01 -8.201516479433115236e-01 -8.201516479433115236e-01 -8.201516479433115236e-01 -8.201516479433115236e-01 -8.201516479433115236e-01 -8.201516479433115236e-01 -8.201516479433115236e-01 -8.201516479433115236e-01 -8.201516479433115236e-01 -8.201516479433115236e-01 -8.201516479433115236e-01 -8.201516479433115236e-01 -8.201516479433115236e-01 -8.201516479433115236e-01 -8.201516479433115236e-01 -8.201516479433115236e-01 -8.201516479433115236e-01 -8.201516479433115236e-01 -8.201516479433115236e-01 -8.201516479433115236e-01 -8.201516479433115236e-01 -8.201516479433115236e-01 -8.201516479433115236e-01 -8.201516479433115236e-01 -8.201516479433115236e-01 -8.201516479433115236e-01 -8.201516479433115236e-01 -8.201516479433115236e-01 -8.201516479433115236e-01 -8.201516479433115236e-01 -8.201516479433115236e-01 -8.201516479433115236e-01 -8.201516479433115236e-01 -8.201516479433115236e-01 -8.201516479433115236e-01 -8.201516479433115236e-01 -8.201516479433115236e-01 -8.201516479433115236e-01 -8.201516479433115236e-01 -8.201516479433115236e-01
4.713527743361490829e-01 1.387613705230481831e-01 1.387613705230481831e-01 1.387613705230481831e-01 1.387613705230481831e-01 8.388110927852412968e-02 8.388110927852412968e-02 -6.508441621302199498e-02 -6.508441621302199498e-02 -6.508441621302199498e-02 -6.508441621302199498e-02 -6.508441621302199498e-02 -6.508441621302199498e-02 -6.508441621302199498e-02 -6.508441621302199498e-02 -6.508441621302199498e-02 -6.508441621302199498e-02 -6.508441621302199498e-02 -6.508441621302199498e-02 -6.508441621302199498e-02 -6.508441621302199498e-02 -6.508441621302199498e-02 -6.508441621302199498e-02 -6.508441621302199498e-02 -6.508441621302199498e-02 -6.508441621302199498e-02 -6.508441621302199498e-02 -6.508441621302199498e-02 -6.508441621302199498e-02 -6.508441621302199498e-02 -6.508441621302199498e-02 -2.411359647714506615e-01 -2.411359647714506615e-01 -2.411359647714506615e-01 -2.411359647714506615e-01 -2.411359647714506615e-01 -2.411359647714506615e-01 -2.411359647714506615e-01 -2.411359647714506615e-01 -2.656725347372126400e-01 -2.656725347372126400e-01 -2.656725347372126400e-01 -2.891996771342054684e-01 -2.891996771342054684e-01 -2.891996771342054684e-01 -2.891996771342054684e-01 -4.825441229095621121e-01 -4.825441229095621121e-01 -4.825441229095621121e-01 -4.825441229095621121e-01 -4.825441229095621121e-01 -4.825441229095621121e-01 -4.825441229095621121e-01 -4.825441229095621121e-01 -4.825441229095621121e-01 -4.897809541942328426e-01 -4.897809541942328426e-01 -4.897809541942328426e-01 -4.897809541942328426e-01 -4.897809541942328426e-01 -4.897809541942328426e-01 -4.897809541942328426e-01 -4.897809541942328426e-01 -4.897809541942328426e-01 -4.897809541942328426e-01 -4.897809541942328426e-01 -4.897809541942328426e-01 -4.897809541942328426e-01 -4.897809541942328426e-01 -4.897809541942328426e-01 -6.574135507444571758e-01 -6.574135507444571758e-01 -7.730989987876581981e-01 -9.014797328391677134e-01 -9.014797328391677134e-01 -9.014797328391677134e-01 -9.014797328391677134e-01 -9.571997321512671908e-01 -9.806394978326650191e-01 -9.806394978326650191e-01 -9.806394978326650191e-01 -9.806394978326650191e-01 -1.449211081074418539e+00 -1.449211081074418539e+00 -1.449211081074418539e+00 -1.524599456725329816e+00 -1.524599456725329816e+00 -1.524599456725329816e+00 -1.524599456725329816e+00 -1.524599456725329816e+00 -1.676767709478695467e+00 -1.676767709478695467e+00 -1.676767709478695467e+00 -1.676767709478695467e+00 -1.676767709478695467e+00 -1.676767709478695467e+00 -1.676767709478695467e+00 -1.676767709478695467e+00 -1.676926872672641844e+00 -1.676926872672641844e+00
4.710239709006868725e-01 4.710239709006868725e-01 4.710239709006868725e-01 3.979378252890638512e-01 3.979378252890638512e-01 3.979378252890638512e-01 -1.103661370343651943e-01 -1.103661370343651943e-01 -6.436410525712951136e-01 -6.436410525712951136e-01 -6.436410525712951136e-01 -6.436410525712951136e-01 -9.548608118686252588e-01 -9.548608118686252588e-01 -9.548608118686252588e-01 -9.548608118686252588e-01 -9.548608118686252588e-01 -9.548608118686252588e-01 -9.548608118686252588e-01 -9.548608118686252588e-01 -9.548608118686252588e-01 -9.548608118686252588e-01 -9.548608118686252588e-01 -9.548608118686252588e-01 -1.315196547286261231e+00 -1.829216543799424777e+00 -1.829216543799424777e+00 -1.829216543799424777e+00 -1.829216543799424777e+00 -1.829216543799424777e+00 -1.829216543799424777e+00 -1.829216543799424777e+00 -1.829216543799424777e+00 -1.829216543799424777e+00 -1.829216543799424777e+00 -1.829216543799424777e+00 -1.829216543799424777e+00 -1.829216543799424777e+00 -1.829216543799424777e+00 -1.933132516540380541e+00 -1.933132516540380541e+00 -1.933132516540380541e+00 -1.933132516540380541e+00 -1.933132516540380541e+00 -1.933132516540380541e+00 -1.933132516540380541e+00 -1.933132516540380541e+00 -1.933132516540380541e+00 -1.933132516540380541e+00 -1.933132516540380541e+00 -1.933132516540380541e+00 -1.987580688979717181e+00 -1.987580688979717181e+00 -1.987580688979717181e+00 -1.987580688979717181e+00 -2.122984669264295299e+00 -2.122984669264295299e+00 -2.122984669264295299e+00 -2.122984669264295299e+00 -2.122984669264295299e+00 -2.122984669264295299e+00 -2.122984669264295299e+00 -2.122984669264295299e+00 -2.122984669264295299e+00 -2.122984669264295299e+00 -2.171745106768081079e+00 -2.171745106768081079e+00 -2.171745106768081079e+00 -2.171745106768081079e+00 -2.261464581543240815e+00 -2.261464581543240815e+00 -2.261464581543240815e+00 -2.261464581543240815e+00 -2.261464581543240815e+00 -2.261464581543240815e+00 -2.261464581543240815e+00 -2.261464581543240815e+00 -2.261464581543240815e+00 -2.261464581543240815e+00 -2.261464581543240815e+00 -2.261464581543240815e+00 -2.261464581543240815e+00 -2.261464581543240815e+00 -2.261464581543240815e+00 -2.261464581543240815e+00 -2.261464581543240815e+00 -2.261464581543240815e+00 -2.261464581543240815e+00 -2.261464581543240815e+00 -2.261464581543240815e+00 -2.261464581543240815e+00 -2.261464581543240815e+00 -2.261464581543240815e+00 -2.261464581543240815e+00 -2.261464581543240815e+00 -2.261464581543240815e+00 -2.261464581543240815e+00 -2.261464581543240815e+00 -2.261464581543240815e+00 -2.261464581543240815e+00
9.327201294538322029e-01 6.273119545640817862e-02 -7.384134060429421720e-02 -9.447795680072028357e-02 -2.834011182631809844e-01 -3.362781956008157880e-01 -6.372409096634759074e-01 -6.372409096634759074e-01 -6.372409096634759074e-01 -6.372409096634759074e-01 -6.372409096634759074e-01 -7.300611759431689940e-01 -7.300611759431689940e-01 -7.300611759431689940e-01 -1.007556211475663543e+00 -1.007556211475663543e+00 -1.007556211475663543e+00 -1.007556211475663543e+00 -1.007556211475663543e+00 -1.007556211475663543e+00 -1.007556211475663543e+00 -1.007556211475663543e+00 -1.007556211475663543e+00 -1.007556211475663543e+00 -1.007556211475663543e+00 -1.007556211475663543e+00 -1.007556211475663543e+00 -1.007556211475663543e+00 -1.007556211475663543e+00 -1.007556211475663543e+00 -1.007556211475663543e+00 -1.007556211475663543e+00 -1.198384032138994471e+00 -1.198384032138994471e+00 -1.198384032138994471e+00 -1.760497849350436184e+00 -1.760497849350436184e+00 -1.760497849350436184e+00 -1.760497849350436184e+00 -1.760497849350436184e+00 -1.760497849350436184e+00 -1.760497849350436184e+00 -1.760497849350436184e+00 -1.760497849350436184e+00 -1.760497849350436184e+00 -1.760497849350436184e+00 -1.760497849350436184e+00 -1.760497849350436184e+00 -1.760497849350436184e+00 -1.760497849350436184e+00 -1.760497849350436184e+00 -1.760497849350436184e+00 -1.760497849350436184e+00 -1.760497849350436184e+00 -1.760497849350436184e+00 -1.760497849350436184e+00 -1.760497849350436184e+00 -1.760497849350436184e+00 -1.760497849350436184e+00 -1.760497849350436184e+00 -1.760497849350436184e+00 -1.760497849350436184e+00 -1.760497849350436184e+00 -1.760497849350436184e+00 -1.760497849350436184e+00 -1.760497849350436184e+00 -1.760497849350436184e+00 -1.760497849350436184e+00 -1.760497849350436184e+00 -1.760497849350436184e+00 -1.760497849350436184e+00 -1.760497849350436184e+00 -1.760497849350436184e+00 -1.760497849350436184e+00 -1.760497849350436184e+00 -1.760497849350436184e+00 -1.760497849350436184e+00 -1.760497849350436184e+00 -1.974438170053384844e+00 -1.974438170053384844e+00 -1.974438170053384844e+00 -1.974438170053384844e+00 -1.974438170053384844e+00 -1.974438170053384844e+00 -1.974438170053384844e+00 -1.974438170053384844e+00 -1.974438170053384844e+00 -1.974438170053384844e+00 -1.974438170053384844e+00 -1.974438170053384844e+00 -1.974438170053384844e+00 -1.974438170053384844e+00 -1.974438170053384844e+00 -1.974438170053384844e+00 -1.974438170053384844e+00 -1.974438170053384844e+00 -1.974438170053384844e+00 -1.974438170053384844e+00 -1.974438170053384844e+00 -1.974438170053384844e+00
-6.542611312016664016e-01 -6.542611312016664016e-01 -6.542611312016664016e-01 -1.153528672056672644e+00 -1.153528672056672644e+00 -1.153528672056672644e+00 -1.153528672056672644e+00 -1.153528672056672644e+00 -1.153528672056672644e+00 -1.153528672056672644e+00 -1.153528672056672644e+00 -1.153528672056672644e+00 -1.153528672056672644e+00 -1.153528672056672644e+00 -1.153528672056672644e+00 -1.153528672056672644e+00 -1.153528672056672644e+00 -1.153528672056672644e+00 -1.153528672056672644e+00 -1.153528672056672644e+00 -1.153528672056672644e+00 -1.153528672056672644e+00 -1.153528672056672644e+00 -1.153528672056672644e+00 -1.153528672056672644e+00 -1.153528672056672644e+00 -1.153528672056672644e+00 -1.153528672056672644e+00 -1.153528672056672644e+00 -1.153528672056672644e+00 -1.153528672056672644e+00 -1.153528672056672644e+00 -1.153528672056672644e+00 -1.153528672056672644e+00 -1.153528672056672644e+00 -1.153528672056672644e+00 -1.153528672056672644e+00 -1.153528672056672644e+00 -1.153528672056672644e+00 -1.153528672056672644e+00 -1.153528672056672644e+00 -1.153528672056672644e+00 -1.153528672056672644e+00 -1.153528672056672644e+00 -1.153528672056672644e+00 -1.348316739960439881e+00 -1.348316739960439881e+00 -1.348316739960439881e+00 -1.348316739960439881e+00 -1.348316739960439881e+00 -1.348316739960439881e+00 -1.404957579765937048e+00 -1.404957579765937048e+00 -1.404957579765937048e+00 -1.427148656088060186e+00 -1.427148656088060186e+00 -1.427148656088060186e+00 -1.431216705291389113e+00 -1.431216705291389113e+00 -1.431216705291389113e+00 -1.431216705291389113e+00 -1.431216705291389113e+00 -1.431216705291389113e+00 -1.431216705291389113e+00 -1.431216705291389113e+00 -1.431216705291389113e+00 -1.431216705291389113e+00 -1.458786461775681609e+00 -1.458786461775681609e+00 -1.458786461775681609e+00 -1.458786461775681609e+00 -1.458786461775681609e+00 -1.458786461775681609e+00 -1.458786461775681609e+00 -1.761289916464286787e+00 -1.761289916464286787e+00 -1.761289916464286787e+00 -1.761289916464286787e+00 -1.761289916464286787e+00 -1.761289916464286787e+00 -1.761289916464286787e+00 -1.761289916464286787e+00 -1.761289916464286787e+00 -1.761289916464286787e+00 -1.761289916464286787e+00 -1.761289916464286787e+00 -1.761289916464286787e+00 -1.783782241579768391e+00 -1.783782241579768391e+00 -1.783782241579768391e+00 -1.783782241579768391e+00 -1.783782241579768391e+00 -1.783782241579768391e+00 -1.783782241579768391e+00 -1.783782241579768391e+00 -1.783782241579768391e+00 -1.783782241579768391e+00 -1.783782241579768391e+00 -1.783782241579768391e+00 -1.783782241579768391e+00
8.773595101484864267e-02 -1.098499603192008844e-01 -1.754045904715431370e-01 -2.007512199127992614e-01 -2.007512199127992614e-01 -4.144719360561818222e-01 -4.144719360561818222e-01 -4.144719360561818222e-01 -4.144719360561818222e-01 -4.144719360561818222e-01 -4.144719360561818222e-01 -4.144719360561818222e-01 -4.144719360561818222e-01 -4.144719360561818222e-01 -4.144719360561818222e-01 -4.144719360561818222e-01 -4.144719360561818222e-01 -4.144719360561818222e-01 -4.144719360561818222e-01 -4.144719360561818222e-01 -4.144719360561818222e-01 -4.144719360561818222e-01 -5.072291821634138387e-01 -5.072291821634138387e-01 -5.072291821634138387e-01 -5.072291821634138387e-01 -5.072291821634138387e-01 -5.072291821634138387e-01 -5.072291821634138387e-01 -5.072291821634138387e-01 -5.072291821634138387e-01 -5.072291821634138387e-01 -5.072291821634138387e-01 -5.072291821634138387e-01 -5.072291821634138387e-01 -5.072291821634138387e-01 -5.072291821634138387e-01 -5.072291821634138387e-01 -5.072291821634138387e-01 -5.072291821634138387e-01 -5.072291821634138387e-01 -5.072291821634138387e-01 -5.072291821634138387e-01 -7.933684473165812934e-01 -7.933684473165812934e-01 -7.933684473165812934e-01 -7.933684473165812934e-01 -7.933684473165812934e-01 -8.897670018829836325e-01 -8.897670018829836325e-01 -8.897670018829836325e-01 -1.169009105968407569e+00 -1.169009105968407569e+00 -1.169009105968407569e+00 -1.169009105968407569e+00 -1.246047710180062440e+00 -1.905891460610855237e+00 -1.905891460610855237e+00 -1.905891460610855237e+00 -1.905891460610855237e+00 -1.905891460610855237e+00 -2.062114771771320409e+00 -2.062114771771320409e+00 -2.062114771771320409e+00 -2.062114771771320409e+00 -2.194726649846003852e+00 -2.194726649846003852e+00 -2.194726649846003852e+00 -2.194726649846003852e+00 -2.194726649846003852e+00 -2.194726649846003852e+00 -2.194726649846003852e+00 -2.194726649846003852e+00 -2.194726649846003852e+00 -2.194726649846003852e+00 -2.194726649846003852e+00 -2.194726649846003852e+00 -2.194726649846003852e+00 -2.194726649846003852e+00 -2.240497278939948878e+00 -2.240497278939948878e+00 -2.240497278939948878e+00 -2.240497278939948878e+00 -2.240497278939948878e+00 -2.240497278939948878e+00 -2.240497278939948878e+00 -2.660234959287928636e+00 -3.227152949693491202e+00 -3.227152949693491202e+00 -3.227152949693491202e+00 -3.227152949693491202e+00 -3.227152949693491202e+00 -3.227152949693491202e+00 -3.227152949693491202e+00 -3.317452294684643199e+00 -3.317452294684643199e+00 -3.317452294684643199e+00 -3.317452294684643199e+00 -3.317452294684643199e+00 -3.317452294684643199e+00
-9.150431426297869208e-01 -1.609803764373982204e+00 -1.609803764373982204e+00 -1.610989043324659198e+00 -1.610989043324659198e+00 -1.610989043324659198e+00 -1.610989043324659198e+00 -1.610989043324659198e+00 -1.610989043324659198e+00 -1.610989043324659198e+00 -1.666046550738723209e+00 -1.666046550738723209e+00 -1.666046550738723209e+00 -1.666046550738723209e+00 -1.666046550738723209e+00 -1.666046550738723209e+00 -1.666046550738723209e+00 -1.666046550738723209e+00 -1.666046550738723209e+00 -1.666046550738723209e+00 -1.666046550738723209e+00 -1.666046550738723209e+00 -1.666046550738723209e+00 -1.666046550738723209e+00 -1.666046550738723209e+00 -1.666046550738723209e+00 -1.666046550738723209e+00 -1.666046550738723209e+00 -1.666046550738723209e+00 -1.666046550738723209e+00 -1.666046550738723209e+00 -1.666046550738723209e+00 -1.666046550738723209e+00 -1.666046550738723209e+00 -1.666046550738723209e+00 -1.666046550738723209e+00 -1.666046550738723209e+00 -1.810067057667105850e+00 -1.810067057667105850e+00 -1.810067057667105850e+00 -1.810067057667105850e+00 -1.810067057667105850e+00 -1.820085164735772976e+00 -1.935573357122613025e+00 -1.935573357122613025e+00 -1.935573357122613025e+00 -1.935573357122613025e+00 -1.935573357122613025e+00 -1.935573357122613025e+00 -1.935573357122613025e+00 -1.935573357122613025e+00 -1.935573357122613025e+00 -1.935573357122613025e+00 -1.935573357122613025e+00 -1.935573357122613025e+00 -1.935573357122613025e+00 -1.935573357122613025e+00 -1.935573357122613025e+00 -1.935573357122613025e+00 -1.935573357122613025e+00 -1.935573357122613025e+00 -1.935573357122613025e+00 -1.935573357122613025e+00 -1.935573357122613025e+00 -1.935573357122613025e+00 -1.935573357122613025e+00 -1.935573357122613025e+00 -1.935573357122613025e+00 -1.935573357122613025e+00 -1.935573357122613025e+00 -1.935573357122613025e+00 -1.935573357122613025e+00 -1.935573357122613025e+00 -1.935573357122613025e+00 -1.935573357122613025e+00 -1.935573357122613025e+00 -1.935573357122613025e+00 -1.935573357122613025e+00 -1.935573357122613025e+00 -1.935573357122613025e+00 -1.935573357122613025e+00 -1.935573357122613025e+00 -1.935573357122613025e+00 -1.935573357122613025e+00 -1.935573357122613025e+00 -1.935573357122613025e+00 -1.935573357122613025e+00 -1.935573357122613025e+00 -1.935573357122613025e+00 -1.935573357122613025e+00 -1.935573357122613025e+00 -1.935573357122613025e+00 -1.935573357122613025e+00 -1.935573357122613025e+00 -1.935573357122613025e+00 -1.935573357122613025e+00 -1.935573357122613025e+00 -1.935573357122613025e+00 -1.935573357122613025e+00 -1.935573357122613025e+00
9.316860978197774035e-01 9.316860978197774035e-01 9.316860978197774035e-01 9.316860978197774035e-01 9.316860978197774035e-01 9.316860978197774035e-01 8.450991259693453328e-01 8.450991259693453328e-01 8.450991259693453328e-01 8.450991259693453328e-01 8.450991259693453328e-01 8.450991259693453328e-01 8.450991259693453328e-01 8.450991259693453328e-01 8.450991259693453328e-01 8.450991259693453328e-01 5.173808221338791480e-01 5.173808221338791480e-01 5.173808221338791480e-01 5.173808221338791480e-01 5.173808221338791480e-01 5.173808221338791480e-01 5.173808221338791480e-01 4.955908416748140977e-01 4.955908416748140977e-01 3.915149485530415308e-01 3.915149485530415308e-01 3.915149485530415308e-01 3.061789434194935322e-01 2.932736777182293197e-01 2.932736777182293197e-01 2.932736777182293197e-01 2.932736777182293197e-01 2.932736777182293197e-01 2.932736777182293197e-01 2.932736777182293197e-01 2.932736777182293197e-01 2.932736777182293197e-01 2.812173434793097115e-01 -8.494985470440398478e-02 -8.494985470440398478e-02 -1.755510280874480189e-01 -1.755510280874480189e-01 -1.755510280874480189e-01 -1.755510280874480189e-01 -1.810477304282204769e-01 -1.810477304282204769e-01 -1.810477304282204769e-01 -1.810477304282204769e-01 -1.810477304282204769e-01 -1.810477304282204769e-01 -1.810477304282204769e-01 -1.810477304282204769e-01 -1.810477304282204769e-01 -1.810477304282204769e-01 -5.267476548346681220e-01 -5.267476548346681220e-01 -5.267476548346681220e-01 -5.267476548346681220e-01 -5.267476548346681220e-01 -5.267476548346681220e-01 -5.267476548346681220e-01 -5.267476548346681220e-01 -5.267476548346681220e-01 -5.267476548346681220e-01 -5.267476548346681220e-01 -5.267476548346681220e-01 -5.267476548346681220e-01 -5.267476548346681220e-01 -5.267476548346681220e-01 -5.267476548346681220e-01 -5.267476548346681220e-01 -5.267476548346681220e-01 -5.267476548346681220e-01 -5.267476548346681220e-01 -5.267476548346681220e-01 -5.267476548346681220e-01 -5.267476548346681220e-01 -5.267476548346681220e-01 -5.267476548346681220e-01 -5.549681894970059925e-01 -5.549681894970059925e-01 -5.549681894970059925e-01 -5.549681894970059925e-01 -5.549681894970059925e-01 -5.549681894970059925e-01 -5.549681894970059925e-01 -5.549681894970059925e-01 -5.549681894970059925e-01 -6.385915090209068889e-01 -7.120744528080805713e-01 -7.120744528080805713e-01 -7.157809064147448996e-01 -7.157809064147448996e-01 -7.157809064147448996e-01 -7.157809064147448996e-01 -7.157809064147448996e-01 -7.157809064147448996e-01 -7.157809064147448996e-01 -7.157809064147448996e-01
-4.841722907735926396e-01 -4.841722907735926396e-01 -4.841722907735926396e-01 -5.855846864355425119e-01 -5.855846864355425119e-01 -5.855846864355425119e-01 -5.855846864355425119e-01 -5.882426997665555213e-01 -5.882426997665555213e-01 -5.882426997665555213e-01 -5.882426997665555213e-01 -5.882426997665555213e-01 -5.882426997665555213e-01 -5.882426997665555213e-01 -5.882426997665555213e-01 -6.266907470020397497e-01 -6.266907470020397497e-01 -6.266907470020397497e-01 -6.266907470020397497e-01 -6.266907470020397497e-01 -6.266907470020397497e-01 -6.266907470020397497e-01 -6.266907470020397497e-01 -6.266907470020397497e-01 -6.266907470020397497e-01 -6.266907470020397497e-01 -6.266907470020397497e-01 -7.463947647532007679e-01 -7.463947647532007679e-01 -8.198834506414610646e-01 -8.198834506414610646e-01 -8.198834506414610646e-01 -8.198834506414610646e-01 -8.198834506414610646e-01 -8.198834506414610646e-01 -8.198834506414610646e-01 -8.198834506414610646e-01 -8.198834506414610646e-01 -1.371197334958569991e+00 -1.371197334958569991e+00 -1.371197334958569991e+00 -1.371197334958569991e+00 -1.371197334958569991e+00 -1.371197334958569991e+00 -1.371197334958569991e+00 -1.371197334958569991e+00 -1.371197334958569991e+00 -1.371197334958569991e+00 -1.464760897799325834e+00 -1.464760897799325834e+00 -1.464760897799325834e+00 -1.464760897799325834e+00 -1.464760897799325834e+00 -1.464760897799325834e+00 -1.464760897799325834e+00 -1.464760897799325834e+00 -1.464760897799325834e+00 -1.464760897799325834e+00 -1.464760897799325834e+00 -1.464760897799325834e+00 -1.464760897799325834e+00 -1.464760897799325834e+00 -1.464760897799325834e+00 -1.464760897799325834e+00 -1.464760897799325834e+00 -1.464760897799325834e+00 -1.464760897799325834e+00 -1.464760897799325834e+00 -1.464760897799325834e+00 -1.464760897799325834e+00 -1.464760897799325834e+00 -1.464760897799325834e+00 -1.464760897799325834e+00 -1.464760897799325834e+00 -1.464760897799325834e+00 -1.464760897799325834e+00 -1.464760897799325834e+00 -1.464760897799325834e+00 -1.464760897799325834e+00 -2.927071363082898170e+00 -2.927071363082898170e+00 -2.927071363082898170e+00 -3.408267344491180406e+00 -3.408267344491180406e+00 -3.408267344491180406e+00 -3.408267344491180406e+00 -3.408267344491180406e+00 -3.408267344491180406e+00 -3.408267344491180406e+00 -3.408267344491180406e+00 -3.408267344491180406e+00 -3.408267344491180406e+00 -3.408267344491180406e+00 -3.408267344491180406e+00 -3.408267344491180406e+00 -3.408267344491180406e+00 -3.408267344491180406e+00 -3.408267344491180406e+00 -3.408267344491180406e+00 -3.408267344491180406e+00
-1.184149893112381585e-03 -1.184149893112381585e-03 -3.682528773113201148e-01 -3.682528773113201148e-01 -4.513151229673765807e-01 -4.513151229673765807e-01 -4.513151229673765807e-01 -4.513151229673765807e-01 -4.513151229673765807e-01 -4.513151229673765807e-01 -4.513151229673765807e-01 -4.513151229673765807e-01 -4.513151229673765807e-01 -4.513151229673765807e-01 -4.513151229673765807e-01 -4.513151229673765807e-01 -4.971077201762356679e-01 -4.971077201762356679e-01 -4.971077201762356679e-01 -4.971077201762356679e-01 -4.971077201762356679e-01 -4.971077201762356679e-01 -4.971077201762356679e-01 -4.971077201762356679e-01 -4.971077201762356679e-01 -4.971077201762356679e-01 -4.971077201762356679e-01 -4.971077201762356679e-01 -4.971077201762356679e-01 -4.971077201762356679e-01 -4.971077201762356679e-01 -4.971077201762356679e-01 -4.971077201762356679e-01 -6.239851603672121882e-01 -6.239851603672121882e-01 -6.239851603672121882e-01 -6.239851603672121882e-01 -6.239851603672121882e-01 -6.239851603672121882e-01 -6.239851603672121882e-01 -6.239851603672121882e-01 -6.239851603672121882e-01 -9.677237484566645342e-01 -9.677237484566645342e-01 -9.677237484566645342e-01 -9.677237484566645342e-01 -9.677237484566645342e-01 -9.677237484566645342e-01 -9.677237484566645342e-01 -9.677237484566645342e-01 -1.057220519819159099e+00 -1.071655659495120094e+00 -1.084243612795328993e+00 -1.084243612795328993e+00 -1.084243612795328993e+00 -1.084243612795328993e+00 -1.084243612795328993e+00 -1.084243612795328993e+00 -1.084243612795328993e+00 -1.084243612795328993e+00 -1.084243612795328993e+00 -1.084243612795328993e+00 -1.084243612795328993e+00 -1.084243612795328993e+00 -1.084243612795328993e+00 -1.084243612795328993e+00 -1.084243612795328993e+00 -1.227304073443881371e+00 -1.258605346086859367e+00 -1.258605346086859367e+00 -1.258605346086859367e+00 -1.258605346086859367e+00 -1.258605346086859367e+00 -1.258605346086859367e+00 -1.258605346086859367e+00 -1.258605346086859367e+00 -1.258605346086859367e+00 -1.258605346086859367e+00 -1.258605346086859367e+00 -1.258605346086859367e+00 -1.258605346086859367e+00 -1.258605346086859367e+00 -1.258605346086859367e+00 -1.258605346086859367e+00 -1.258605346086859367e+00 -1.258605346086859367e+00 -1.258605346086859367e+00 -1.258605346086859367e+00 -1.258605346086859367e+00 -1.258605346086859367e+00 -1.318312033293236540e+00 -1.318312033293236540e+00 -1.318312033293236540e+00 -1.318312033293236540e+00 -1.318312033293236540e+00 -1.318312033293236540e+00 -1.318312033293236540e+00 -1.318312033293236540e+00 -1.318312033293236540e+00 -1.481319779629947764e+00
-4.752414570606640076e-01 -4.752414570606640076e-01 -4.752414570606640076e-01 -4.752414570606640076e-01 -8.379209832445662087e-01 -8.379209832445662087e-01 -8.379209832445662087e-01 -1.042719232341114965e+00 -1.042719232341114965e+00 -1.042719232341114965e+00 -1.128714208534084440e+00 -1.128714208534084440e+00 -1.128714208534084440e+00 -1.128714208534084440e+00 -1.128714208534084440e+00 -1.128714208534084440e+00 -1.128714208534084440e+00 -1.128714208534084440e+00 -1.188090602227104275e+00 -1.250353686616175519e+00 -1.250353686616175519e+00 -1.250353686616175519e+00 -1.250353686616175519e+00 -1.250353686616175519e+00 -1.250353686616175519e+00 -1.250353686616175519e+00 -1.250353686616175519e+00 -1.250353686616175519e+00 -1.250353686616175519e+00 -1.250353686616175519e+00 -1.250353686616175519e+00 -1.250353686616175519e+00 -1.250353686616175519e+00 -1.250353686616175519e+00 -1.250353686616175519e+00 -1.253073551057094281e+00 -1.253073551057094281e+00 -1.253073551057094281e+00 -1.253073551057094281e+00 -1.295080222166043127e+00 -1.411649060994658589e+00 -1.411649060994658589e+00 -1.411649060994658589e+00 -1.411710740729246627e+00 -1.433131802245211528e+00 -1.434276358819990715e+00 -1.434276358819990715e+00 -1.434276358819990715e+00 -1.472242411925017924e+00 -1.472242411925017924e+00 -1.472242411925017924e+00 -1.472242411925017924e+00 -1.520714225870910097e+00 -1.520714225870910097e+00 -1.520714225870910097e+00 -1.520714225870910097e+00 -1.520714225870910097e+00 -1.520714225870910097e+00 -1.520714225870910097e+00 -1.520714225870910097e+00 -1.520714225870910097e+00 -1.520714225870910097e+00 -1.520714225870910097e+00 -1.520714225870910097e+00 -1.520714225870910097e+00 -1.520714225870910097e+00 -1.520714225870910097e+00 -1.520714225870910097e+00 -1.520714225870910097e+00 -1.520714225870910097e+00 -1.520714225870910097e+00 -1.520714225870910097e+00 -1.520714225870910097e+00 -1.520714225870910097e+00 -1.520714225870910097e+00 -1.520714225870910097e+00 -1.520714225870910097e+00 -1.520714225870910097e+00 -1.520714225870910097e+00 -1.520714225870910097e+00 -1.520714225870910097e+00 -1.520714225870910097e+00 -1.590069680209726943e+00 -1.590069680209726943e+00 -1.590069680209726943e+00 -1.590069680209726943e+00 -1.590069680209726943e+00 -1.590069680209726943e+00 -1.590069680209726943e+00 -1.590069680209726943e+00 -1.590069680209726943e+00 -1.590069680209726943e+00 -1.590069680209726943e+00 -1.590069680209726943e+00 -1.590069680209726943e+00 -1.590069680209726943e+00 -1.590069680209726943e+00 -1.590069680209726943e+00 -1.590069680209726943e+00 -1.590069680209726943e+00
3.977348575521345020e-01 -1.864494234378959864e-02 -9.123049242662338576e-02 -9.123049242662338576e-02 -1.088853595647794048e-01 -1.088853595647794048e-01 -1.088853595647794048e-01 -1.356109551330126617e-01 -1.356109551330126617e-01 -9.657537061950863810e-01 -9.657537061950863810e-01 -9.657537061950863810e-01 -1.240107116862881886e+00 -1.240107116862881886e+00 -1.240107116862881886e+00 -1.768948364580805954e+00 -2.282878406571524632e+00 -2.282878406571524632e+00 -2.282878406571524632e+00 -2.282878406571524632e+00 -2.282878406571524632e+00 -2.282878406571524632e+00 -2.282878406571524632e+00 -2.282878406571524632e+00 -2.282878406571524632e+00 -2.282878406571524632e+00 -2.282878406571524632e+00 -2.282878406571524632e+00 -2.282878406571524632e+00 -2.282878406571524632e+00 -2.282878406571524632e+00 -2.282878406571524632e+00 -2.494695881841261453e+00 -2.494695881841261453e+00 -2.494695881841261453e+00 -2.494695881841261453e+00 -2.494695881841261453e+00 -2.494695881841261453e+00 -2.494695881841261453e+00 -2.494695881841261453e+00 -2.494695881841261453e+00 -2.494695881841261453e+00 -2.494695881841261453e+00 -2.494695881841261453e+00 -2.494695881841261453e+00 -2.624034490735122738e+00 -2.624034490735122738e+00 -2.624034490735122738e+00 -2.624034490735122738e+00 -2.624034490735122738e+00 -2.624034490735122738e+00 -2.624034490735122738e+00 -2.624034490735122738e+00 -2.624034490735122738e+00 -2.624034490735122738e+00 -2.624034490735122738e+00 -2.624034490735122738e+00 -2.624034490735122738e+00 -2.624034490735122738e+00 -2.624034490735122738e+00 -2.624034490735122738e+00 -2.624034490735122738e+00 -2.624034490735122738e+00 -2.624034490735122738e+00 -2.624034490735122738e+00 -2.624034490735122738e+00 -2.624034490735122738e+00 -2.624034490735122738e+00 -2.624034490735122738e+00 -2.624034490735122738e+00 -2.624034490735122738e+00 -2.624034490735122738e+00 -2.624034490735122738e+00 -2.624034490735122738e+00 -2.624034490735122738e+00 -2.624034490735122738e+00 -2.697095546169722802e+00 -2.697095546169722802e+00 -2.697095546169722802e+00 -2.697095546169722802e+00 -2.697095546169722802e+00 -2.697095546169722802e+00 -2.897420135342162695e+00 -2.897420135342162695e+00 -2.897420135342162695e+00 -2.897420135342162695e+00 -2.897420135342162695e+00 -2.897420135342162695e+00 -2.897420135342162695e+00 -2.897420135342162695e+00 -2.897420135342162695e+00 -2.897420135342162695e+00 -2.897420135342162695e+00 -2.897420135342162695e+00 -2.897420135342162695e+00 -2.897420135342162695e+00 -2.897420135342162695e+00 -2.897420135342162695e+00 -2.897420135342162695e+00 -2.897420135342162695e+00
2.742199365866894833e+00 2.674144909905214362e+00 2.407676102379276539e+00 2.407676102379276539e+00 2.407676102379276539e+00 2.407676102379276539e+00 2.363012340462335548e+00 2.363012340462335548e+00 2.363012340462335548e+00 2.363012340462335548e+00 2.363012340462335548e+00 1.984408699040701274e+00 1.984408699040701274e+00 1.984408699040701274e+00 1.911122433054164960e+00 1.911122433054164960e+00 1.911122433054164960e+00 1.911122433054164960e+00 1.911122433054164960e+00 1.911122433054164960e+00 1.911122433054164960e+00 1.911122433054164960e+00 1.911122433054164960e+00 1.911122433054164960e+00 1.911122433054164960e+00 1.911122433054164960e+00 1.911122433054164960e+00 1.889951799819680645e+00 1.889951799819680645e+00 1.889951799819680645e+00 1.250542476270423142e+00 1.210434405490794951e+00 1.046148981989385440e+00 1.019692692123331579e+00 7.719207740008043883e-01 7.719207740008043883e-01 7.719207740008043883e-01 7.719207740008043883e-01 7.719207740008043883e-01 7.719207740008043883e-01 7.719207740008043883e-01 7.719207740008043883e-01 7.719207740008043883e-01 7.719207740008043883e-01 7.719207740008043883e-01 7.719207740008043883e-01 6.432372157200462182e-01 6.432372157200462182e-01 6.432372157200462182e-01 5.361391221517024519e-01 5.361391221517024519e-01 5.361391221517024519e-01 5.361391221517024519e-01 5.361391221517024519e-01 5.361391221517024519e-01 5.361391221517024519e-01 5.361391221517024519e-01 5.361391221517024519e-01 5.361391221517024519e-01 5.361391221517024519e-01 5.361391221517024519e-01 5.361391221517024519e-01 5.361391221517024519e-01 5.361391221517024519e-01 5.361391221517024519e-01 5.361391221517024519e-01 5.361391221517024519e-01 1.823648663500375688e-01 1.823648663500375688e-01 1.823648663500375688e-01 1.823648663500375688e-01 1.823648663500375688e-01 -6.179599020064051318e-02 -6.179599020064051318e-02 -6.179599020064051318e-02 -6.179599020064051318e-02 -6.179599020064051318e-02 -6.179599020064051318e-02 -6.179599020064051318e-02 -6.179599020064051318e-02 -6.179599020064051318e-02 -6.179599020064051318e-02 -6.179599020064051318e-02 -6.179599020064051318e-02 -6.179599020064051318e-02 -6.179599020064051318e-02 -6.179599020064051318e-02 -6.179599020064051318e-02 -6.179599020064051318e-02 -6.179599020064051318e-02 -6.179599020064051318e-02 -6.179599020064051318e-02 -6.179599020064051318e-02 -6.253797886088751090e-01 -6.253797886088751090e-01 -6.253797886088751090e-01 -6.253797886088751090e-01 -6.253797886088751090e-01 -6.253797886088751090e-01 -6.506270128862317037e-01
3.226595915171801554e-01 3.226595915171801554e-01 3.226595915171801554e-01 3.226595915171801554e-01 1.323810807915704879e-01 1.323810807915704879e-01 1.323810807915704879e-01 1.323810807915704879e-01 1.323810807915704879e-01 -6.180459758635131751e-02 -6.180459758635131751e-02 -6.180459758635131751e-02 -6.180459758635131751e-02 -1.320980645461014902e+00 -1.320980645461014902e+00 -1.320980645461014902e+00 -1.740187760234419567e+00 -1.740187760234419567e+00 -1.740187760234419567e+00 -1.740187760234419567e+00 -1.740187760234419567e+00 -1.740187760234419567e+00 -1.740187760234419567e+00 -1.740187760234419567e+00 -1.740187760234419567e+00 -1.740187760234419567e+00 -1.740187760234419567e+00 -1.740187760234419567e+00 -1.842487970917068507e+00 -1.842487970917068507e+00 -1.861330530984918630e+00 -1.861330530984918630e+00 -1.861330530984918630e+00 -1.861330530984918630e+00 -1.861330530984918630e+00 -1.861330530984918630e+00 -1.861330530984918630e+00 -1.861330530984918630e+00 -1.861330530984918630e+00 -1.861330530984918630e+00 -1.861330530984918630e+00 -1.861330530984918630e+00 -1.861330530984918630e+00 -1.893593783589890833e+00 -1.893593783589890833e+00 -1.893593783589890833e+00 -1.939514455499058210e+00 -1.939514455499058210e+00 -1.939514455499058210e+00 -1.984727630629030015e+00 -1.984727630629030015e+00 -1.984727630629030015e+00 -1.984727630629030015e+00 -1.984727630629030015e+00 -1.984727630629030015e+00 -1.984727630629030015e+00 -1.984727630629030015e+00 -2.027589288390073019e+00 -2.035754186051506487e+00 -2.155385144678015230e+00 -2.155385144678015230e+00 -2.155385144678015230e+00 -2.155385144678015230e+00 -2.155385144678015230e+00 -2.155385144678015230e+00 -2.155385144678015230e+00 -2.155385144678015230e+00 -2.155385144678015230e+00 -2.155385144678015230e+00 -2.155978290849597023e+00 -2.320807566109420517e+00 -2.757457827030310504e+00 -2.934386666385897957e+00 -3.149849481389078942e+00 -3.180943881536279161e+00 -3.180943881536279161e+00 -3.180943881536279161e+00 -3.289109681425428366e+00 -3.289109681425428366e+00 -3.289109681425428366e+00 -3.289109681425428366e+00 -3.289109681425428366e+00 -3.289109681425428366e+00 -3.289109681425428366e+00 -3.289109681425428366e+00 -3.289109681425428366e+00 -3.289109681425428366e+00 -3.289109681425428366e+00 -3.289109681425428366e+00 -3.289109681425428366e+00 -3.289109681425428366e+00 -3.289109681425428366e+00 -3.289109681425428366e+00 -3.289109681425428366e+00 -3.289109681425428366e+00 -3.289109681425428366e+00 -3.289109681425428366e+00 -3.289109681425428366e+00 -3.289109681425428366e+00 -3.289109681425428366e+00
-4.946472015772334641e-01 -8.463535155157245748e-01 -1.388689016569492729e+00 -1.388689016569492729e+00 -1.574206696274224049e+00 -1.574206696274224049e+00 -1.876996747569285029e+00 -1.876996747569285029e+00 -2.167279798817146830e+00 -2.167279798817146830e+00 -2.167279798817146830e+00 -2.167279798817146830e+00 -2.200300380047038651e+00 -2.200300380047038651e+00 -2.200300380047038651e+00 -2.200300380047038651e+00 -2.200300380047038651e+00 -2.214563268385097761e+00 -2.214563268385097761e+00 -2.214563268385097761e+00 -2.214563268385097761e+00 -2.214563268385097761e+00 -2.214563268385097761e+00 -2.214563268385097761e+00 -2.214563268385097761e+00 -2.214563268385097761e+00 -2.214563268385097761e+00 -2.214563268385097761e+00 -2.214563268385097761e+00 -2.214563268385097761e+00 -2.214563268385097761e+00 -2.556835514368079654e+00 -2.556835514368079654e+00 -2.556835514368079654e+00 -2.556835514368079654e+00 -2.556835514368079654e+00 -2.556835514368079654e+00 -2.556835514368079654e+00 -2.556835514368079654e+00 -2.556835514368079654e+00 -2.556835514368079654e+00 -2.556835514368079654e+00 -2.556835514368079654e+00 -2.556835514368079654e+00 -2.556835514368079654e+00 -2.556835514368079654e+00 -2.556835514368079654e+00 -2.556835514368079654e+00 -2.556835514368079654e+00 -2.556835514368079654e+00 -2.556835514368079654e+00 -2.556835514368079654e+00 -2.556835514368079654e+00 -2.556835514368079654e+00 -2.556835514368079654e+00 -2.556835514368079654e+00 -2.556835514368079654e+00 -2.556835514368079654e+00 -2.556835514368079654e+00 -2.556835514368079654e+00 -2.556835514368079654e+00 -2.556835514368079654e+00 -2.556835514368079654e+00 -2.556835514368079654e+00 -2.556835514368079654e+00 -2.556835514368079654e+00 -2.556835514368079654e+00 -2.556835514368079654e+00 -2.556835514368079654e+00 -2.556835514368079654e+00 -2.556835514368079654e+00 -2.556835514368079654e+00 -2.556835514368079654e+00 -2.556835514368079654e+00 -2.556835514368079654e+00 -2.556835514368079654e+00 -2.556835514368079654e+00 -2.556835514368079654e+00 -2.556835514368079654e+00 -2.556835514368079654e+00 -2.556835514368079654e+00 -2.556835514368079654e+00 -2.556835514368079654e+00 -2.556835514368079654e+00 -2.556835514368079654e+00 -2.556835514368079654e+00 -2.556835514368079654e+00 -2.556835514368079654e+00 -2.556835514368079654e+00 -2.556835514368079654e+00 -2.556835514368079654e+00 -2.556835514368079654e+00 -2.556835514368079654e+00 -2.556835514368079654e+00 -2.556835514368079654e+00 -2.556835514368079654e+00 -2.556835514368079654e+00 -2.556835514368079654e+00 -2.556835514368079654e+00 -2.556835514368079654e+00
2.922371834627652265e-01 2.922371834627652265e-01 2.922371834627652265e-01 2.922371834627652265e-01 2.922371834627652265e-01 -9.731718966440520147e-01 -9.731718966440520147e-01 -9.731718966440520147e-01 -9.731718966440520147e-01 -9.731718966440520147e-01 -9.731718966440520147e-01 -9.731718966440520147e-01 -9.731718966440520147e-01 -9.731718966440520147e-01 -9.731718966440520147e-01 -9.731718966440520147e-01 -9.731718966440520147e-01 -9.731718966440520147e-01 -9.731718966440520147e-01 -9.731718966440520147e-01 -9.731718966440520147e-01 -9.731718966440520147e-01 -9.731718966440520147e-01 -9.731718966440520147e-01 -9.731718966440520147e-01 -9.731718966440520147e-01 -9.731718966440520147e-01 -9.731718966440520147e-01 -9.731718966440520147e-01 -9.731718966440520147e-01 -9.731718966440520147e-01 -1.021028434150658359e+00 -1.021028434150658359e+00 -1.021028434150658359e+00 -1.021028434150658359e+00 -1.021028434150658359e+00 -1.021028434150658359e+00 -1.021028434150658359e+00 -1.021028434150658359e+00 -1.021028434150658359e+00 -1.021028434150658359e+00 -1.021028434150658359e+00 -1.021028434150658359e+00 -1.021028434150658359e+00 -1.021028434150658359e+00 -1.021028434150658359e+00 -1.021028434150658359e+00 -1.021028434150658359e+00 -1.021028434150658359e+00 -1.021028434150658359e+00 -1.021028434150658359e+00 -1.021028434150658359e+00 -1.021028434150658359e+00 -1.021028434150658359e+00 -1.021028434150658359e+00 -1.021028434150658359e+00 -1.021028434150658359e+00 -1.021028434150658359e+00 -1.021028434150658359e+00 -1.021028434150658359e+00 -1.021028434150658359e+00 -1.021028434150658359e+00 -1.021028434150658359e+00 -1.021028434150658359e+00 -1.021028434150658359e+00 -1.021028434150658359e+00 -1.021028434150658359e+00 -1.021028434150658359e+00 -1.021028434150658359e+00 -1.021028434150658359e+00 -1.021028434150658359e+00 -1.279110057125956601e+00 -1.279110057125956601e+00 -1.279110057125956601e+00 -1.279110057125956601e+00 -1.279110057125956601e+00 -1.279110057125956601e+00 -1.279110057125956601e+00 -1.279110057125956601e+00 -1.279110057125956601e+00 -1.279110057125956601e+00 -1.279110057125956601e+00 -1.279110057125956601e+00 -1.279110057125956601e+00 -1.279110057125956601e+00 -1.279110057125956601e+00 -1.279110057125956601e+00 -1.279110057125956601e+00 -1.279110057125956601e+00 -1.279110057125956601e+00 -1.279110057125956601e+00 -1.279110057125956601e+00 -1.279110057125956601e+00 -1.279110057125956601e+00 -1.279110057125956601e+00 -1.279110057125956601e+00 -1.279110057125956601e+00 -1.279110057125956601e+00 -1.279110057125956601e+00 -1.279110057125956601e+00
-1.979113436198032705e+00 -3.901019783704378519e+00 -3.901019783704378519e+00 -3.901019783704378519e+00 -3.901019783704378519e+00 -5.487640640082695143e+00 -6.018095079312325346e+00 -6.347081616471011323e+00 -6.347081616471011323e+00 -6.347081616471011323e+00 -6.347081616471011323e+00 -6.347081616471011323e+00 -6.347081616471011323e+00 -6.347081616471011323e+00 -6.843035831305827266e+00 -6.843035831305827266e+00 -6.843035831305827266e+00 -6.843035831305827266e+00 -6.843035831305827266e+00 -6.843035831305827266e+00 -6.843035831305827266e+00 -6.843035831305827266e+00 -6.843035831305827266e+00 -6.843035831305827266e+00 -6.843035831305827266e+00 -6.843035831305827266e+00 -6.843035831305827266e+00 -6.843035831305827266e+00 -6.843035831305827266e+00 -6.843035831305827266e+00 -6.843035831305827266e+00 -6.843035831305827266e+00 -6.843035831305827266e+00 -6.843035831305827266e+00 -6.843035831305827266e+00 -6.843035831305827266e+00 -6.843035831305827266e+00 -6.843035831305827266e+00 -6.843035831305827266e+00 -6.843035831305827266e+00 -6.843035831305827266e+00 -6.843035831305827266e+00 -6.843035831305827266e+00 -6.843035831305827266e+00 -6.843035831305827266e+00 -6.843035831305827266e+00 -6.843035831305827266e+00 -6.843035831305827266e+00 -6.843035831305827266e+00 -6.843035831305827266e+00 -6.843035831305827266e+00 -6.843035831305827266e+00 -6.843035831305827266e+00 -6.843035831305827266e+00 -6.843035831305827266e+00 -6.843035831305827266e+00 -6.843035831305827266e+00 -6.843035831305827266e+00 -6.843035831305827266e+00 -6.843035831305827266e+00 -7.346587146645679134e+00 -7.346587146645679134e+00 -7.346587146645679134e+00 -7.346587146645679134e+00 -7.346587146645679134e+00 -7.346587146645679134e+00 -7.346587146645679134e+00 -7.346587146645679134e+00 -7.346587146645679134e+00 -7.346587146645679134e+00 -7.346587146645679134e+00 -7.346587146645679134e+00 -7.346587146645679134e+00 -7.346587146645679134e+00 -7.346587146645679134e+00 -7.346587146645679134e+00 -7.346587146645679134e+00 -7.395763777737068168e+00 -7.395763777737068168e+00 -7.395763777737068168e+00 -7.395763777737068168e+00 -7.395763777737068168e+00 -7.395763777737068168e+00 -7.395763777737068168e+00 -7.395763777737068168e+00 -7.395763777737068168e+00 -7.558375943568183430e+00 -7.558375943568183430e+00 -7.858788964930946364e+00 -7.858788964930946364e+00 -7.858788964930946364e+00 -7.858788964930946364e+00 -7.858788964930946364e+00 -7.858788964930946364e+00 -7.858788964930946364e+00 -7.858788964930946364e+00 -7.858788964930946364e+00 -7.858788964930946364e+00 -7.858788964930946364e+00 -7.858788964930946364e+00
5.650803771480280568e-01 3.467901689204588300e-01 1.024925812869685871e-01 -5.380910363067748642e-02 -5.380910363067748642e-02 -5.380910363067748642e-02 -5.380910363067748642e-02 -5.380910363067748642e-02 -5.380910363067748642e-02 -5.380910363067748642e-02 -5.380910363067748642e-02 -5.380910363067748642e-02 -5.380910363067748642e-02 -5.380910363067748642e-02 -5.380910363067748642e-02 -5.380910363067748642e-02 -5.380910363067748642e-02 -5.380910363067748642e-02 -5.380910363067748642e-02 -5.380910363067748642e-02 -5.380910363067748642e-02 -5.380910363067748642e-02 -2.537303951078064279e-01 -2.537303951078064279e-01 -2.537303951078064279e-01 -2.537303951078064279e-01 -2.537303951078064279e-01 -4.083044145726788532e-01 -4.083044145726788532e-01 -5.598595814394067283e-01 -5.598595814394067283e-01 -5.598595814394067283e-01 -6.161998089525608790e-01 -6.161998089525608790e-01 -6.161998089525608790e-01 -6.161998089525608790e-01 -6.161998089525608790e-01 -6.161998089525608790e-01 -6.161998089525608790e-01 -1.140421244658520461e+00 -1.140421244658520461e+00 -1.140421244658520461e+00 -1.140421244658520461e+00 -1.140421244658520461e+00 -1.140421244658520461e+00 -1.140421244658520461e+00 -1.140421244658520461e+00 -1.140421244658520461e+00 -1.140421244658520461e+00 -1.140421244658520461e+00 -1.140421244658520461e+00 -1.140421244658520461e+00 -1.247301509991669777e+00 -1.247301509991669777e+00 -1.247301509991669777e+00 -1.247301509991669777e+00 -1.247301509991669777e+00 -1.247301509991669777e+00 -1.247301509991669777e+00 -1.247301509991669777e+00 -1.247301509991669777e+00 -1.247301509991669777e+00 -1.247301509991669777e+00 -1.247301509991669777e+00 -1.247301509991669777e+00 -1.247301509991669777e+00 -1.247301509991669777e+00 -1.247301509991669777e+00 -1.247301509991669777e+00 -1.247301509991669777e+00 -1.247301509991669777e+00 -1.247301509991669777e+00 -1.247301509991669777e+00 -1.247301509991669777e+00 -1.247301509991669777e+00 -1.247301509991669777e+00 -1.247301509991669777e+00 -1.247301509991669777e+00 -1.247301509991669777e+00 -1.247301509991669777e+00 -1.247301509991669777e+00 -1.247301509991669777e+00 -1.247301509991669777e+00 -1.247301509991669777e+00 -1.350790645496221742e+00 -1.350790645496221742e+00 -1.350790645496221742e+00 -1.350790645496221742e+00 -1.350790645496221742e+00 -1.350790645496221742e+00 -1.350790645496221742e+00 -1.350790645496221742e+00 -1.350790645496221742e+00 -1.350790645496221742e+00 -1.350790645496221742e+00 -1.350790645496221742e+00 -1.350790645496221742e+00 -1.350790645496221742e+00 -1.350790645496221742e+00 -1.350790645496221742e+00
1.080039701183431511e+00 1.073162539835357920e+00 9.751382077544863414e-01 9.751382077544863414e-01 6.052468726145494582e-01 -4.345800894482655385e-01 -4.345800894482655385e-01 -4.345800894482655385e-01 -4.345800894482655385e-01 -6.162785657813866225e-01 -1.229356165924776922e+00 -1.229356165924776922e+00 -1.229356165924776922e+00 -1.229356165924776922e+00 -1.229356165924776922e+00 -1.229356165924776922e+00 -1.229356165924776922e+00 -1.229356165924776922e+00 -1.229356165924776922e+00 -1.229356165924776922e+00 -1.229356165924776922e+00 -1.229356165924776922e+00 -1.229356165924776922e+00 -1.229356165924776922e+00 -1.229356165924776922e+00 -1.229356165924776922e+00 -1.229356165924776922e+00 -1.229356165924776922e+00 -1.229356165924776922e+00 -1.229356165924776922e+00 -1.229356165924776922e+00 -1.229356165924776922e+00 -1.229356165924776922e+00 -1.229356165924776922e+00 -1.229356165924776922e+00 -1.229356165924776922e+00 -1.229356165924776922e+00 -1.229356165924776922e+00 -1.229356165924776922e+00 -1.229356165924776922e+00 -1.229356165924776922e+00 -1.229356165924776922e+00 -1.229356165924776922e+00 -1.229356165924776922e+00 -1.229356165924776922e+00 -1.229356165924776922e+00 -1.229356165924776922e+00 -1.229356165924776922e+00 -1.229356165924776922e+00 -1.229356165924776922e+00 -1.229356165924776922e+00 -1.229356165924776922e+00 -1.229356165924776922e+00 -1.229356165924776922e+00 -1.229356165924776922e+00 -1.229356165924776922e+00 -1.229356165924776922e+00 -1.229356165924776922e+00 -1.229356165924776922e+00 -1.229356165924776922e+00 -1.229356165924776922e+00 -1.229356165924776922e+00 -1.229356165924776922e+00 -1.229356165924776922e+00 -1.229356165924776922e+00 -1.229356165924776922e+00 -1.229356165924776922e+00 -1.229356165924776922e+00 -1.229356165924776922e+00 -1.229356165924776922e+00 -1.229356165924776922e+00 -1.229356165924776922e+00 -1.229356165924776922e+00 -1.229356165924776922e+00 -1.229356165924776922e+00 -1.229356165924776922e+00 -1.229356165924776922e+00 -1.229356165924776922e+00 -1.229356165924776922e+00 -1.229356165924776922e+00 -1.229356165924776922e+00 -1.229356165924776922e+00 -1.229356165924776922e+00 -1.229356165924776922e+00 -1.229356165924776922e+00 -1.229356165924776922e+00 -1.229356165924776922e+00 -1.229356165924776922e+00 -1.229356165924776922e+00 -1.229356165924776922e+00 -1.229356165924776922e+00 -1.229356165924776922e+00 -1.229356165924776922e+00 -1.229356165924776922e+00 -1.229356165924776922e+00 -1.229356165924776922e+00 -1.229356165924776922e+00 -1.229356165924776922e+00 -1.229356165924776922e+00 -1.229356165924776922e+00
-4.133075288987423934e-01 -4.142368818538821329e-01 -5.590071097770735742e-01 -5.590071097770735742e-01 -5.590071097770735742e-01 -7.468754561305112061e-01 -7.468754561305112061e-01 -7.468754561305112061e-01 -7.468754561305112061e-01 -7.468754561305112061e-01 -7.468754561305112061e-01 -8.163233728339710504e-01 -8.163233728339710504e-01 -8.163233728339710504e-01 -8.163233728339710504e-01 -8.163233728339710504e-01 -8.163233728339710504e-01 -8.163233728339710504e-01 -8.163233728339710504e-01 -8.163233728339710504e-01 -8.163233728339710504e-01 -8.163233728339710504e-01 -8.163233728339710504e-01 -8.163233728339710504e-01 -9.414804135496026571e-01 -9.414804135496026571e-01 -9.414804135496026571e-01 -9.414804135496026571e-01 -9.414804135496026571e-01 -9.414804135496026571e-01 -9.414804135496026571e-01 -9.414804135496026571e-01 -9.414804135496026571e-01 -9.414804135496026571e-01 -9.414804135496026571e-01 -9.414804135496026571e-01 -9.414804135496026571e-01 -9.414804135496026571e-01 -9.414804135496026571e-01 -9.414804135496026571e-01 -9.414804135496026571e-01 -9.414804135496026571e-01 -9.414804135496026571e-01 -9.414804135496026571e-01 -9.414804135496026571e-01 -9.414804135496026571e-01 -9.414804135496026571e-01 -9.414804135496026571e-01 -9.414804135496026571e-01 -9.414804135496026571e-01 -9.414804135496026571e-01 -9.414804135496026571e-01 -9.414804135496026571e-01 -9.414804135496026571e-01 -9.414804135496026571e-01 -9.414804135496026571e-01 -9.414804135496026571e-01 -9.414804135496026571e-01 -9.414804135496026571e-01 -9.414804135496026571e-01 -9.414804135496026571e-01 -9.414804135496026571e-01 -9.414804135496026571e-01 -9.414804135496026571e-01 -9.414804135496026571e-01 -9.414804135496026571e-01 -9.414804135496026571e-01 -9.414804135496026571e-01 -9.414804135496026571e-01 -9.414804135496026571e-01 -9.414804135496026571e-01 -9.414804135496026571e-01 -9.414804135496026571e-01 -9.414804135496026571e-01 -9.414804135496026571e-01 -9.414804135496026571e-01 -9.414804135496026571e-01 -9.414804135496026571e-01 -9.414804135496026571e-01 -9.414804135496026571e-01 -9.414804135496026571e-01 -9.414804135496026571e-01 -9.414804135496026571e-01 -9.414804135496026571e-01 -9.414804135496026571e-01 -9.414804135496026571e-01 -9.414804135496026571e-01 -9.414804135496026571e-01 -9.414804135496026571e-01 -9.414804135496026571e-01 -9.414804135496026571e-01 -9.414804135496026571e-01 -9.414804135496026571e-01 -9.414804135496026571e-01 -9.414804135496026571e-01 -9.414804135496026571e-01 -9.414804135496026571e-01 -9.414804135496026571e-01 -9.414804135496026571e-01 -9.414804135496026571e-01
7.261233065384654628e-01 6.799573919801655819e-01 6.799573919801655819e-01 6.254204342476387124e-01 6.254204342476387124e-01 6.117292290290733403e-01 6.117292290290733403e-01 4.639052549634429257e-01 4.639052549634429257e-01 2.963528462174006006e-01 2.963528462174006006e-01 2.963528462174006006e-01 2.963528462174006006e-01 2.253633851369420682e-01 2.253633851369420682e-01 7.890878831796245552e-02 7.890878831796245552e-02 7.890878831796245552e-02 7.890878831796245552e-02 7.890878831796245552e-02 7.890878831796245552e-02 7.890878831796245552e-02 7.890878831796245552e-02 7.890878831796245552e-02 6.876234488238860965e-02 6.876234488238860965e-02 -5.106007222889396430e-02 -2.151113092096593460e-01 -2.151113092096593460e-01 -2.151113092096593460e-01 -2.151113092096593460e-01 -2.151113092096593460e-01 -2.151113092096593460e-01 -2.151113092096593460e-01 -2.151113092096593460e-01 -2.151113092096593460e-01 -2.151113092096593460e-01 -2.151113092096593460e-01 -2.151113092096593460e-01 -2.151113092096593460e-01 -2.151113092096593460e-01 -2.742720940292433518e-01 -2.742720940292433518e-01 -2.742720940292433518e-01 -2.742720940292433518e-01 -2.742720940292433518e-01 -2.742720940292433518e-01 -2.742720940292433518e-01 -2.742720940292433518e-01 -2.742720940292433518e-01 -2.742720940292433518e-01 -2.742720940292433518e-01 -2.742720940292433518e-01 -2.742720940292433518e-01 -2.742720940292433518e-01 -2.742720940292433518e-01 -3.431499655763901591e-01 -3.431499655763901591e-01 -3.431499655763901591e-01 -3.431499655763901591e-01 -3.431499655763901591e-01 -3.431499655763901591e-01 -3.527274881973974097e-01 -3.527274881973974097e-01 -3.527274881973974097e-01 -3.527274881973974097e-01 -3.527274881973974097e-01 -3.527274881973974097e-01 -3.527274881973974097e-01 -3.857256086439148079e-01 -3.857256086439148079e-01 -3.857256086439148079e-01 -3.857256086439148079e-01 -3.857256086439148079e-01 -3.857256086439148079e-01 -3.857256086439148079e-01 -3.857256086439148079e-01 -3.857256086439148079e-01 -3.857256086439148079e-01 -3.857256086439148079e-01 -3.857256086439148079e-01 -4.437037756031110836e-01 -4.437037756031110836e-01 -4.437037756031110836e-01 -4.437037756031110836e-01 -5.903048200931841905e-01 -5.903048200931841905e-01 -5.903048200931841905e-01 -5.903048200931841905e-01 -5.903048200931841905e-01 -5.903048200931841905e-01 -5.903048200931841905e-01 -5.903048200931841905e-01 -5.903048200931841905e-01 -5.903048200931841905e-01 -5.903048200931841905e-01 -5.903048200931841905e-01 -5.903048200931841905e-01 -5.903048200931841905e-01 -5.903048200931841905e-01
-6.244006077392683096e-01 -9.557394559831895453e-01 -9.557394559831895453e-01 -9.557394559831895453e-01 -9.557394559831895453e-01 -1.103500230356429190e+00 -1.103500230356429190e+00 -1.542968830446397765e+00 -1.542968830446397765e+00 -1.542968830446397765e+00 -1.542968830446397765e+00 -1.542968830446397765e+00 -1.542968830446397765e+00 -1.542968830446397765e+00 -1.542968830446397765e+00 -1.542968830446397765e+00 -1.542968830446397765e+00 -1.628274378813636902e+00 -1.628274378813636902e+00 -1.628274378813636902e+00 -1.628274378813636902e+00 -1.628274378813636902e+00 -1.628274378813636902e+00 -1.671658669138467612e+00 -1.671658669138467612e+00 -1.791906739762871181e+00 -1.791906739762871181e+00 -1.791906739762871181e+00 -1.791906739762871181e+00 -2.195173972419589337e+00 -2.195173972419589337e+00 -2.195173972419589337e+00 -2.195173972419589337e+00 -2.195173972419589337e+00 -2.195173972419589337e+00 -2.195173972419589337e+00 -2.195173972419589337e+00 -2.195173972419589337e+00 -2.195173972419589337e+00 -2.195173972419589337e+00 -2.195173972419589337e+00 -2.195173972419589337e+00 -2.195173972419589337e+00 -2.195173972419589337e+00 -2.195173972419589337e+00 -2.195173972419589337e+00 -2.195173972419589337e+00 -2.294885678304745547e+00 -2.294885678304745547e+00 -2.294885678304745547e+00 -2.860554749734703694e+00 -2.860554749734703694e+00 -2.860554749734703694e+00 -2.860554749734703694e+00 -2.860554749734703694e+00 -2.860554749734703694e+00 -2.860554749734703694e+00 -2.860554749734703694e+00 -2.860554749734703694e+00 -2.860554749734703694e+00 -2.860554749734703694e+00 -2.860554749734703694e+00 -2.860554749734703694e+00 -2.860554749734703694e+00 -2.860554749734703694e+00 -2.860554749734703694e+00 -2.860554749734703694e+00 -2.860554749734703694e+00 -2.860554749734703694e+00 -2.860554749734703694e+00 -2.860554749734703694e+00 -2.860554749734703694e+00 -2.860554749734703694e+00 -2.860554749734703694e+00 -2.860554749734703694e+00 -2.860554749734703694e+00 -2.860554749734703694e+00 -2.860554749734703694e+00 -2.860554749734703694e+00 -2.860554749734703694e+00 -2.860554749734703694e+00 -2.860554749734703694e+00 -2.860554749734703694e+00 -2.860554749734703694e+00 -2.860554749734703694e+00 -2.860554749734703694e+00 -2.860554749734703694e+00 -2.860554749734703694e+00 -2.860554749734703694e+00 -2.860554749734703694e+00 -2.860554749734703694e+00 -2.860554749734703694e+00 -2.860554749734703694e+00 -2.860554749734703694e+00 -2.860554749734703694e+00 -2.860554749734703694e+00 -2.860554749734703694e+00 -2.860554749734703694e+00 -2.860554749734703694e+00 -2.860554749734703694e+00
-1.393749393087393207e+00 -1.393749393087393207e+00 -1.633159056160096601e+00 -1.633159056160096601e+00 -1.934008492959021774e+00 -1.934008492959021774e+00 -2.322042153701561862e+00 -2.322042153701561862e+00 -2.341675366827768112e+00 -2.341675366827768112e+00 -2.341675366827768112e+00 -2.341675366827768112e+00 -2.341675366827768112e+00 -2.341675366827768112e+00 -2.341675366827768112e+00 -2.341675366827768112e+00 -2.341675366827768112e+00 -2.341675366827768112e+00 -2.341675366827768112e+00 -2.341675366827768112e+00 -2.341675366827768112e+00 -2.341675366827768112e+00 -2.341675366827768112e+00 -2.341675366827768112e+00 -2.341675366827768112e+00 -2.341675366827768112e+00 -2.341675366827768112e+00 -2.603022995621354863e+00 -2.603022995621354863e+00 -2.603022995621354863e+00 -2.603022995621354863e+00 -2.603022995621354863e+00 -2.603022995621354863e+00 -2.603022995621354863e+00 -2.603022995621354863e+00 -2.603022995621354863e+00 -2.603022995621354863e+00 -2.603022995621354863e+00 -2.603022995621354863e+00 -2.603022995621354863e+00 -2.603022995621354863e+00 -2.603022995621354863e+00 -2.603022995621354863e+00 -2.603022995621354863e+00 -2.603022995621354863e+00 -2.603022995621354863e+00 -2.603022995621354863e+00 -2.603022995621354863e+00 -2.603022995621354863e+00 -2.603022995621354863e+00 -2.603022995621354863e+00 -2.603022995621354863e+00 -2.603022995621354863e+00 -2.603022995621354863e+00 -2.603022995621354863e+00 -2.603022995621354863e+00 -2.641077800258238906e+00 -2.641077800258238906e+00 -2.774562024392569271e+00 -2.774562024392569271e+00 -2.774562024392569271e+00 -2.774562024392569271e+00 -2.774562024392569271e+00 -2.774562024392569271e+00 -2.774562024392569271e+00 -2.774562024392569271e+00 -2.774562024392569271e+00 -2.979375300290733719e+00 -2.979375300290733719e+00 -2.979375300290733719e+00 -2.979375300290733719e+00 -2.979375300290733719e+00 -2.979375300290733719e+00 -2.979375300290733719e+00 -2.979375300290733719e+00 -2.979375300290733719e+00 -3.099995973291784335e+00 -3.099995973291784335e+00 -3.099995973291784335e+00 -3.099995973291784335e+00 -3.099995973291784335e+00 -3.099995973291784335e+00 -3.099995973291784335e+00 -3.099995973291784335e+00 -3.099995973291784335e+00 -3.099995973291784335e+00 -3.099995973291784335e+00 -3.099995973291784335e+00 -3.099995973291784335e+00 -3.598860848473202978e+00 -3.598860848473202978e+00 -3.598860848473202978e+00 -3.598860848473202978e+00 -3.598860848473202978e+00 -3.598860848473202978e+00 -3.598860848473202978e+00 -3.598860848473202978e+00 -3.598860848473202978e+00 -3.598860848473202978e+00 -3.598860848473202978e+00
4.394200134419452008e-01 -1.245673679263098743e-01 -1.245673679263098743e-01 -1.245673679263098743e-01 -3.163011768801539669e-01 -3.163011768801539669e-01 -3.163011768801539669e-01 -4.269378491438803880e-01 -4.269378491438803880e-01 -4.269378491438803880e-01 -4.269378491438803880e-01 -4.269378491438803880e-01 -4.269378491438803880e-01 -4.269378491438803880e-01 -4.269378491438803880e-01 -4.269378491438803880e-01 -5.361271642536385995e-01 -5.361271642536385995e-01 -6.251431056441847378e-01 -6.251431056441847378e-01 -6.251431056441847378e-01 -6.251431056441847378e-01 -6.251431056441847378e-01 -6.251431056441847378e-01 -6.251431056441847378e-01 -6.251431056441847378e-01 -6.251431056441847378e-01 -6.251431056441847378e-01 -7.415735020558583690e-01 -7.415735020558583690e-01 -7.415735020558583690e-01 -7.415735020558583690e-01 -7.415735020558583690e-01 -7.416423489435644001e-01 -7.416423489435644001e-01 -7.416423489435644001e-01 -7.416423489435644001e-01 -7.416423489435644001e-01 -7.416423489435644001e-01 -7.416423489435644001e-01 -7.416423489435644001e-01 -7.416423489435644001e-01 -7.416423489435644001e-01 -7.416423489435644001e-01 -7.416423489435644001e-01 -7.416423489435644001e-01 -7.416423489435644001e-01 -7.416423489435644001e-01 -7.416423489435644001e-01 -7.416423489435644001e-01 -7.416423489435644001e-01 -7.416423489435644001e-01 -7.416423489435644001e-01 -7.416423489435644001e-01 -7.416423489435644001e-01 -7.416423489435644001e-01 -7.416423489435644001e-01 -7.416423489435644001e-01 -7.416423489435644001e-01 -8.127517457112130028e-01 -8.945890105999904085e-01 -1.174589329398097126e+00 -1.174589329398097126e+00 -1.174589329398097126e+00 -1.174589329398097126e+00 -1.195407383730701323e+00 -1.195407383730701323e+00 -1.489235237383420563e+00 -1.489235237383420563e+00 -1.489235237383420563e+00 -1.489235237383420563e+00 -1.489235237383420563e+00 -1.539219679613940572e+00 -1.539219679613940572e+00 -1.539219679613940572e+00 -1.539219679613940572e+00 -1.539219679613940572e+00 -1.539219679613940572e+00 -1.539219679613940572e+00 -1.539219679613940572e+00 -1.539219679613940572e+00 -1.539219679613940572e+00 -1.539219679613940572e+00 -1.539219679613940572e+00 -1.539219679613940572e+00 -1.539219679613940572e+00 -1.539219679613940572e+00 -1.539219679613940572e+00 -1.539219679613940572e+00 -1.539219679613940572e+00 -1.539219679613940572e+00 -1.539219679613940572e+00 -1.539219679613940572e+00 -1.539219679613940572e+00 -1.539219679613940572e+00 -1.539219679613940572e+00 -1.539219679613940572e+00 -1.539219679613940572e+00 -1.539219679613940572e+00 -1.539219679613940572e+00
1.361770205684925683e+00 1.146064674071449963e+00 8.638445020897084214e-01 7.398039468388013518e-01 5.570495970401947439e-01 1.946311996578313774e-01 -7.525761396354235799e-01 -1.819682569276487305e+00 -1.819682569276487305e+00 -1.819682569276487305e+00 -1.819682569276487305e+00 -2.502720827935348336e+00 -2.831250001718109033e+00 -2.831250001718109033e+00 -2.831250001718109033e+00 -2.831250001718109033e+00 -2.831250001718109033e+00 -2.831250001718109033e+00 -2.831250001718109033e+00 -2.831250001718109033e+00 -2.831250001718109033e+00 -2.831250001718109033e+00 -3.220502113500373742e+00 -4.010258763219823663e+00 -4.010258763219823663e+00 -4.010258763219823663e+00 -4.010258763219823663e+00 -4.010258763219823663e+00 -4.010258763219823663e+00 -4.010258763219823663e+00 -4.010258763219823663e+00 -4.010258763219823663e+00 -4.010258763219823663e+00 -4.010258763219823663e+00 -4.010258763219823663e+00 -4.010258763219823663e+00 -4.010258763219823663e+00 -4.010258763219823663e+00 -4.010258763219823663e+00 -4.068779309728708604e+00 -4.068779309728708604e+00 -4.068779309728708604e+00 -4.068779309728708604e+00 -4.068779309728708604e+00 -4.068779309728708604e+00 -4.068779309728708604e+00 -4.068779309728708604e+00 -4.068779309728708604e+00 -4.068779309728708604e+00 -4.068779309728708604e+00 -4.068779309728708604e+00 -4.068779309728708604e+00 -4.068779309728708604e+00 -4.068779309728708604e+00 -4.068779309728708604e+00 -4.068779309728708604e+00 -4.068779309728708604e+00 -4.068779309728708604e+00 -4.068779309728708604e+00 -4.068779309728708604e+00 -4.068779309728708604e+00 -4.068779309728708604e+00 -4.068779309728708604e+00 -4.068779309728708604e+00 -4.068779309728708604e+00 -4.068779309728708604e+00 -4.068779309728708604e+00 -4.068779309728708604e+00 -4.068779309728708604e+00 -4.068779309728708604e+00 -4.068779309728708604e+00 -4.068779309728708604e+00 -4.068779309728708604e+00 -4.068779309728708604e+00 -4.068779309728708604e+00 -4.068779309728708604e+00 -4.068779309728708604e+00 -4.068779309728708604e+00 -4.068779309728708604e+00 -4.068779309728708604e+00 -4.068779309728708604e+00 -4.068779309728708604e+00 -4.068779309728708604e+00 -4.068779309728708604e+00 -4.068779309728708604e+00 -4.068779309728708604e+00 -4.068779309728708604e+00 -4.068779309728708604e+00 -4.068779309728708604e+00 -4.068779309728708604e+00 -4.068779309728708604e+00 -4.068779309728708604e+00 -4.068779309728708604e+00 -4.068779309728708604e+00 -4.068779309728708604e+00 -4.068779309728708604e+00 -4.068779309728708604e+00 -4.210823910895091338e+00 -5.371518367368046221e+00 -5.371518367368046221e+00
9.421692772268145388e-01 3.371926747617786102e-01 3.371926747617786102e-01 3.371926747617786102e-01 2.283738908006572588e-01 2.283738908006572588e-01 -2.227057024461150947e-01 -2.227057024461150947e-01 -5.074606369227244729e-01 -5.074606369227244729e-01 -5.074606369227244729e-01 -5.074606369227244729e-01 -5.074606369227244729e-01 -5.074606369227244729e-01 -5.074606369227244729e-01 -5.074606369227244729e-01 -5.074606369227244729e-01 -5.074606369227244729e-01 -5.074606369227244729e-01 -5.074606369227244729e-01 -5.074606369227244729e-01 -5.074606369227244729e-01 -5.074606369227244729e-01 -5.074606369227244729e-01 -5.074606369227244729e-01 -5.074606369227244729e-01 -5.074606369227244729e-01 -5.074606369227244729e-01 -5.074606369227244729e-01 -5.074606369227244729e-01 -5.074606369227244729e-01 -5.074606369227244729e-01 -5.074606369227244729e-01 -5.074606369227244729e-01 -5.074606369227244729e-01 -5.074606369227244729e-01 -5.074606369227244729e-01 -5.074606369227244729e-01 -5.074606369227244729e-01 -5.074606369227244729e-01 -5.074606369227244729e-01 -5.074606369227244729e-01 -5.074606369227244729e-01 -5.074606369227244729e-01 -5.074606369227244729e-01 -5.074606369227244729e-01 -5.074606369227244729e-01 -5.074606369227244729e-01 -5.074606369227244729e-01 -5.074606369227244729e-01 -5.074606369227244729e-01 -5.074606369227244729e-01 -5.074606369227244729e-01 -7.171038546686581139e-01 -7.171038546686581139e-01 -7.310698447501576824e-01 -7.709949239928454157e-01 -7.709949239928454157e-01 -7.709949239928454157e-01 -9.345308577099671332e-01 -9.345308577099671332e-01 -9.345308577099671332e-01 -9.345308577099671332e-01 -9.345308577099671332e-01 -1.044079931062447564e+00 -1.044079931062447564e+00 -1.044079931062447564e+00 -1.044079931062447564e+00 -1.044079931062447564e+00 -1.048353527059114443e+00 -1.048353527059114443e+00 -1.048353527059114443e+00 -1.048353527059114443e+00 -1.048353527059114443e+00 -1.048353527059114443e+00 -1.048353527059114443e+00 -1.048353527059114443e+00 -1.048353527059114443e+00 -1.048353527059114443e+00 -1.048353527059114443e+00 -1.048353527059114443e+00 -1.048353527059114443e+00 -1.048353527059114443e+00 -1.048353527059114443e+00 -1.079321536260241299e+00 -1.079321536260241299e+00 -1.079321536260241299e+00 -1.079321536260241299e+00 -1.079321536260241299e+00 -1.079321536260241299e+00 -1.203226967384479540e+00 -1.203226967384479540e+00 -1.203226967384479540e+00 -1.203226967384479540e+00 -1.203226967384479540e+00 -1.203226967384479540e+00 -1.203226967384479540e+00 -1.203226967384479540e+00 -1.203226967384479540e+00 -1.203226967384479540e+00
3.125453376300197927e-01 1.534459421902127085e-01 -3.553418084713614450e-02 -3.148771906201867643e-01 -4.158240469720582144e-01 -4.158240469720582144e-01 -4.158240469720582144e-01 -4.158240469720582144e-01 -4.158240469720582144e-01 -4.158240469720582144e-01 -7.352526135837724741e-01 -7.352526135837724741e-01 -7.352526135837724741e-01 -7.352526135837724741e-01 -7.893682702588669109e-01 -7.893682702588669109e-01 -7.893682702588669109e-01 -7.893682702588669109e-01 -7.893682702588669109e-01 -7.893682702588669109e-01 -7.893682702588669109e-01 -7.893682702588669109e-01 -7.893682702588669109e-01 -7.893682702588669109e-01 -7.893682702588669109e-01 -7.893682702588669109e-01 -7.893682702588669109e-01 -7.893682702588669109e-01 -7.893682702588669109e-01 -7.893682702588669109e-01 -7.893682702588669109e-01 -1.043789193839696372e+00 -1.043789193839696372e+00 -1.043789193839696372e+00 -1.043789193839696372e+00 -1.043789193839696372e+00 -1.043789193839696372e+00 -1.101613230275695576e+00 -1.101613230275695576e+00 -1.198588142134345169e+00 -1.198588142134345169e+00 -1.198588142134345169e+00 -1.198588142134345169e+00 -1.198588142134345169e+00 -1.198588142134345169e+00 -1.198588142134345169e+00 -1.198588142134345169e+00 -1.198588142134345169e+00 -1.198588142134345169e+00 -1.331874875066888952e+00 -1.331874875066888952e+00 -1.331874875066888952e+00 -1.405369186841415097e+00 -1.472202561363244344e+00 -1.472202561363244344e+00 -1.472202561363244344e+00 -1.472202561363244344e+00 -1.472202561363244344e+00 -1.472202561363244344e+00 -1.472202561363244344e+00 -1.472202561363244344e+00 -1.472202561363244344e+00 -1.472202561363244344e+00 -1.472202561363244344e+00 -1.613207456176369625e+00 -1.613207456176369625e+00 -1.613207456176369625e+00 -1.613207456176369625e+00 -1.613207456176369625e+00 -1.613207456176369625e+00 -1.613207456176369625e+00 -1.613207456176369625e+00 -1.613207456176369625e+00 -1.613207456176369625e+00 -1.613207456176369625e+00 -1.613207456176369625e+00 -1.613207456176369625e+00 -1.769611006295415123e+00 -1.769611006295415123e+00 -1.769611006295415123e+00 -1.769611006295415123e+00 -1.769611006295415123e+00 -1.769611006295415123e+00 -2.125267143541243797e+00 -2.125267143541243797e+00 -2.125267143541243797e+00 -2.125267143541243797e+00 -2.125267143541243797e+00 -2.713685644432662691e+00 -2.713685644432662691e+00 -2.713685644432662691e+00 -2.713685644432662691e+00 -2.713685644432662691e+00 -2.713685644432662691e+00 -2.713685644432662691e+00 -2.713685644432662691e+00 -2.713685644432662691e+00 -2.713685644432662691e+00 -2.713685644432662691e+00 -2.713685644432662691e+00
4.113705726123715323e-01 4.113705726123715323e-01 4.113705726123715323e-01 4.113705726123715323e-01 4.113705726123715323e-01 4.053169511391301327e-01 4.053169511391301327e-01 4.053169511391301327e-01 3.302460512565619233e-01 2.769954484735323019e-01 2.769954484735323019e-01 2.769954484735323019e-01 1.976680252224841117e-01 1.976680252224841117e-01 1.976680252224841117e-01 1.342029993899418738e-01 1.342029993899418738e-01 1.342029993899418738e-01 1.342029993899418738e-01 1.342029993899418738e-01 1.342029993899418738e-01 1.342029993899418738e-01 1.342029993899418738e-01 1.342029993899418738e-01 1.342029993899418738e-01 1.342029993899418738e-01 8.775553524090426438e-02 8.775553524090426438e-02 8.775553524090426438e-02 8.775553524090426438e-02 8.775553524090426438e-02 8.775553524090426438e-02 8.775553524090426438e-02 8.775553524090426438e-02 8.775553524090426438e-02 8.775553524090426438e-02 8.775553524090426438e-02 8.775553524090426438e-02 8.775553524090426438e-02 8.775553524090426438e-02 8.775553524090426438e-02 8.775553524090426438e-02 8.775553524090426438e-02 8.775553524090426438e-02 8.775553524090426438e-02 8.775553524090426438e-02 8.775553524090426438e-02 8.775553524090426438e-02 8.775553524090426438e-02 8.775553524090426438e-02 8.775553524090426438e-02 -4.700280791281778031e-02 -4.700280791281778031e-02 -4.700280791281778031e-02 -4.700280791281778031e-02 -4.700280791281778031e-02 -4.700280791281778031e-02 -4.700280791281778031e-02 -4.700280791281778031e-02 -4.700280791281778031e-02 -3.377633901677363215e-01 -3.377633901677363215e-01 -3.377633901677363215e-01 -3.377633901677363215e-01 -3.377633901677363215e-01 -3.377633901677363215e-01 -3.377633901677363215e-01 -3.377633901677363215e-01 -3.377633901677363215e-01 -3.377633901677363215e-01 -3.377633901677363215e-01 -3.377633901677363215e-01 -3.377633901677363215e-01 -3.377633901677363215e-01 -3.377633901677363215e-01 -3.377633901677363215e-01 -3.377633901677363215e-01 -3.377633901677363215e-01 -3.377633901677363215e-01 -3.377633901677363215e-01 -3.377633901677363215e-01 -3.377633901677363215e-01 -3.377633901677363215e-01 -3.377633901677363215e-01 -3.377633901677363215e-01 -3.377633901677363215e-01 -3.377633901677363215e-01 -3.377633901677363215e-01 -3.377633901677363215e-01 -3.377633901677363215e-01 -3.377633901677363215e-01 -3.377633901677363215e-01 -3.472150910821542036e-01 -3.472150910821542036e-01 -3.472150910821542036e-01 -3.472150910821542036e-01 -3.472150910821542036e-01 -3.472150910821542036e-01 -3.472150910821542036e-01 -3.472150910821542036e-01
2.966773400549827522e-01 2.966773400549827522e-01 2.966773400549827522e-01 2.966773400549827522e-01 2.966773400549827522e-01 1.932307934298622965e-01 1.932307934298622965e-01 9.952874347351518824e-02 9.952874347351518824e-02 9.952874347351518824e-02 9.952874347351518824e-02 9.952874347351518824e-02 9.952874347351518824e-02 9.952874347351518824e-02 9.952874347351518824e-02 9.952874347351518824e-02 9.952874347351518824e-02 9.952874347351518824e-02 9.952874347351518824e-02 9.952874347351518824e-02 9.952874347351518824e-02 9.952874347351518824e-02 9.952874347351518824e-02 9.952874347351518824e-02 9.952874347351518824e-02 9.952874347351518824e-02 9.952874347351518824e-02 9.952874347351518824e-02 9.952874347351518824e-02 9.952874347351518824e-02 9.952874347351518824e-02 9.952874347351518824e-02 9.952874347351518824e-02 9.952874347351518824e-02 9.952874347351518824e-02 -6.719698195773834981e-02 -2.952340700778560700e-01 -2.952340700778560700e-01 -5.897116046664943045e-01 -5.897116046664943045e-01 -5.897116046664943045e-01 -5.897116046664943045e-01 -5.897116046664943045e-01 -7.453386858315566021e-01 -7.453386858315566021e-01 -7.453386858315566021e-01 -7.453386858315566021e-01 -7.453386858315566021e-01 -8.066014403528425358e-01 -8.066014403528425358e-01 -9.716054469967418949e-01 -9.716054469967418949e-01 -9.716054469967418949e-01 -9.716054469967418949e-01 -9.716054469967418949e-01 -9.716054469967418949e-01 -9.716054469967418949e-01 -9.716054469967418949e-01 -9.716054469967418949e-01 -9.716054469967418949e-01 -1.049952015514340919e+00 -1.049952015514340919e+00 -1.918405897799395188e+00 -1.918405897799395188e+00 -1.918405897799395188e+00 -1.918405897799395188e+00 -1.918405897799395188e+00 -1.918405897799395188e+00 -1.918405897799395188e+00 -1.984744519214521663e+00 -1.984744519214521663e+00 -1.984744519214521663e+00 -1.984744519214521663e+00 -1.984744519214521663e+00 -1.984744519214521663e+00 -1.984744519214521663e+00 -1.984744519214521663e+00 -1.984744519214521663e+00 -1.984744519214521663e+00 -1.984744519214521663e+00 -1.984744519214521663e+00 -1.984744519214521663e+00 -1.984744519214521663e+00 -1.984744519214521663e+00 -2.705889738215809803e+00 -3.360069119416174921e+00 -3.360069119416174921e+00 -3.360069119416174921e+00 -3.360069119416174921e+00 -3.360069119416174921e+00 -3.360069119416174921e+00 -3.403602683864247247e+00 -3.403602683864247247e+00 -5.340870322191991981e+00 -5.340870322191991981e+00 -5.340870322191991981e+00 -5.340870322191991981e+00 -5.340870322191991981e+00 -5.340870322191991981e+00 -5.340870322191991981e+00
-4.484081883283627668e-01 -5.759495645914084472e-01 -5.759495645914084472e-01 -8.552764670938461933e-01 -8.552764670938461933e-01 -8.552764670938461933e-01 -8.552764670938461933e-01 -8.552764670938461933e-01 -8.552764670938461933e-01 -8.552764670938461933e-01 -8.552764670938461933e-01 -8.552764670938461933e-01 -8.552764670938461933e-01 -8.552764670938461933e-01 -8.552764670938461933e-01 -8.552764670938461933e-01 -8.552764670938461933e-01 -8.552764670938461933e-01 -8.552764670938461933e-01 -8.552764670938461933e-01 -8.552764670938461933e-01 -8.552764670938461933e-01 -8.552764670938461933e-01 -8.552764670938461933e-01 -1.536163279232759526e+00 -1.897272897649453283e+00 -1.897272897649453283e+00 -1.897272897649453283e+00 -1.897272897649453283e+00 -1.897272897649453283e+00 -1.897272897649453283e+00 -1.897272897649453283e+00 -1.897272897649453283e+00 -1.897272897649453283e+00 -1.897272897649453283e+00 -1.897272897649453283e+00 -2.083761049079641658e+00 -2.083761049079641658e+00 -2.083761049079641658e+00 -2.083761049079641658e+00 -2.083761049079641658e+00 -2.214890825942430030e+00 -2.214890825942430030e+00 -2.214890825942430030e+00 -2.290132008621692528e+00 -2.290132008621692528e+00 -2.290132008621692528e+00 -2.290132008621692528e+00 -2.290132008621692528e+00 -2.290132008621692528e+00 -2.301736441628635443e+00 -2.301736441628635443e+00 -2.301736441628635443e+00 -2.301736441628635443e+00 -2.378020610850169358e+00 -2.538389221071061019e+00 -2.649377161849554074e+00 -2.649377161849554074e+00 -2.649377161849554074e+00 -2.649377161849554074e+00 -2.649377161849554074e+00 -2.649377161849554074e+00 -3.171469788680159940e+00 -3.171469788680159940e+00 -3.171469788680159940e+00 -3.171469788680159940e+00 -3.171469788680159940e+00 -3.171469788680159940e+00 -3.171469788680159940e+00 -3.171469788680159940e+00 -3.171469788680159940e+00 -3.171469788680159940e+00 -3.171469788680159940e+00 -3.171469788680159940e+00 -3.171469788680159940e+00 -3.171469788680159940e+00 -3.171469788680159940e+00 -3.171469788680159940e+00 -3.171469788680159940e+00 -3.171469788680159940e+00 -3.171469788680159940e+00 -3.171469788680159940e+00 -3.242105446589352624e+00 -3.242105446589352624e+00 -3.242105446589352624e+00 -3.242105446589352624e+00 -3.242105446589352624e+00 -3.242105446589352624e+00 -3.242105446589352624e+00 -3.242105446589352624e+00 -3.242105446589352624e+00 -3.242105446589352624e+00 -3.242105446589352624e+00 -3.242105446589352624e+00 -3.242105446589352624e+00 -3.242105446589352624e+00 -3.242105446589352624e+00 -3.242105446589352624e+00 -3.242105446589352624e+00 -3.242105446589352624e+00
-3.122842704591749508e-01 -3.122842704591749508e-01 -3.122842704591749508e-01 -3.122842704591749508e-01 -4.934002116039401531e-01 -5.583282197722032603e-01 -5.583282197722032603e-01 -7.028988949513943485e-01 -7.028988949513943485e-01 -7.028988949513943485e-01 -2.134306673589546843e+00 -2.134306673589546843e+00 -2.291416642266021153e+00 -2.291416642266021153e+00 -2.615213763804332459e+00 -2.615213763804332459e+00 -2.615213763804332459e+00 -2.615213763804332459e+00 -2.615213763804332459e+00 -2.615213763804332459e+00 -2.615213763804332459e+00 -2.615213763804332459e+00 -2.615213763804332459e+00 -2.615213763804332459e+00 -2.615213763804332459e+00 -3.441708758144668145e+00 -3.441708758144668145e+00 -3.441708758144668145e+00 -3.441708758144668145e+00 -3.441708758144668145e+00 -3.441708758144668145e+00 -3.441708758144668145e+00 -3.441708758144668145e+00 -3.441708758144668145e+00 -3.441708758144668145e+00 -3.441708758144668145e+00 -3.441708758144668145e+00 -3.441708758144668145e+00 -3.441708758144668145e+00 -3.441708758144668145e+00 -3.441708758144668145e+00 -3.441708758144668145e+00 -3.441708758144668145e+00 -3.441708758144668145e+00 -3.441708758144668145e+00 -3.441708758144668145e+00 -3.441708758144668145e+00 -3.441708758144668145e+00 -3.441708758144668145e+00 -3.441708758144668145e+00 -3.441708758144668145e+00 -3.587773857299535241e+00 -3.587773857299535241e+00 -3.587773857299535241e+00 -3.587773857299535241e+00 -3.587773857299535241e+00 -3.587773857299535241e+00 -3.587773857299535241e+00 -3.587773857299535241e+00 -3.587773857299535241e+00 -3.587773857299535241e+00 -3.587773857299535241e+00 -3.587773857299535241e+00 -3.587773857299535241e+00 -3.587773857299535241e+00 -3.825933103594513440e+00 -3.825933103594513440e+00 -3.825933103594513440e+00 -3.825933103594513440e+00 -3.825933103594513440e+00 -3.825933103594513440e+00 -3.825933103594513440e+00 -3.825933103594513440e+00 -3.825933103594513440e+00 -3.825933103594513440e+00 -3.825933103594513440e+00 -3.825933103594513440e+00 -3.825933103594513440e+00 -3.825933103594513440e+00 -3.825933103594513440e+00 -3.825933103594513440e+00 -3.825933103594513440e+00 -3.825933103594513440e+00 -3.825933103594513440e+00 -3.825933103594513440e+00 -3.825933103594513440e+00 -3.825933103594513440e+00 -3.900150817545124049e+00 -3.900150817545124049e+00 -3.900150817545124049e+00 -3.900150817545124049e+00 -3.900150817545124049e+00 -3.900150817545124049e+00 -3.900150817545124049e+00 -3.900150817545124049e+00 -3.900150817545124049e+00 -3.900150817545124049e+00 -3.900150817545124049e+00 -3.900150817545124049e+00 -3.900150817545124049e+00
-5.306738914185457068e-01 -5.306738914185457068e-01 -8.349073309743044735e-01 -9.540902890853510954e-01 -1.255228373486660720e+00 -1.255228373486660720e+00 -1.255228373486660720e+00 -1.255228373486660720e+00 -1.255228373486660720e+00 -1.255228373486660720e+00 -1.255228373486660720e+00 -1.255228373486660720e+00 -1.255228373486660720e+00 -1.463617711276660627e+00 -1.463617711276660627e+00 -1.463617711276660627e+00 -1.939299280268045766e+00 -1.939299280268045766e+00 -1.939299280268045766e+00 -1.939299280268045766e+00 -1.939299280268045766e+00 -1.939299280268045766e+00 -1.939299280268045766e+00 -1.939299280268045766e+00 -1.939299280268045766e+00 -1.939299280268045766e+00 -1.939299280268045766e+00 -1.939299280268045766e+00 -1.939299280268045766e+00 -1.939299280268045766e+00 -1.939299280268045766e+00 -1.939299280268045766e+00 -1.939299280268045766e+00 -1.939299280268045766e+00 -1.939299280268045766e+00 -2.699879950856634014e+00 -2.699879950856634014e+00 -2.699972435277843363e+00 -2.699972435277843363e+00 -2.699972435277843363e+00 -2.699972435277843363e+00 -2.699972435277843363e+00 -2.699972435277843363e+00 -2.699972435277843363e+00 -2.699972435277843363e+00 -2.699972435277843363e+00 -2.699972435277843363e+00 -2.699972435277843363e+00 -2.728261010594566383e+00 -2.757984565950753808e+00 -2.784871303305144430e+00 -2.858784462295457018e+00 -2.858784462295457018e+00 -2.858784462295457018e+00 -2.858784462295457018e+00 -2.858784462295457018e+00 -2.858784462295457018e+00 -2.858784462295457018e+00 -2.858793496973898396e+00 -2.858793496973898396e+00 -2.858793496973898396e+00 -2.858793496973898396e+00 -2.858793496973898396e+00 -2.858793496973898396e+00 -2.858793496973898396e+00 -2.858793496973898396e+00 -2.858793496973898396e+00 -2.858849276285921892e+00 -2.858849276285921892e+00 -3.003223137105992535e+00 -3.003223137105992535e+00 -3.003223137105992535e+00 -3.003223137105992535e+00 -4.246483450673554927e+00 -4.246483450673554927e+00 -4.246483450673554927e+00 -4.246483450673554927e+00 -4.246483450673554927e+00 -4.246483450673554927e+00 -4.246483450673554927e+00 -4.246483450673554927e+00 -4.246483450673554927e+00 -4.246483450673554927e+00 -4.246483450673554927e+00 -4.246483450673554927e+00 -4.246483450673554927e+00 -4.246483450673554927e+00 -4.246483450673554927e+00 -4.246483450673554927e+00 -4.246483450673554927e+00 -4.246483450673554927e+00 -4.246483450673554927e+00 -4.246483450673554927e+00 -4.246483450673554927e+00 -4.246483450673554927e+00 -4.246483450673554927e+00 -4.246483450673554927e+00 -4.246483450673554927e+00 -4.246483450673554927e+00 -4.246483450673554927e+00
-1.100934039913083584e+00 -1.260761065704432582e+00 -1.260761065704432582e+00 -1.735693099669379791e+00 -1.735693099669379791e+00 -2.197889253238264118e+00 -2.197889253238264118e+00 -2.723784481214531539e+00 -2.967224088123379566e+00 -2.967224088123379566e+00 -2.967224088123379566e+00 -2.967224088123379566e+00 -3.031913882844719410e+00 -3.031913882844719410e+00 -3.031913882844719410e+00 -3.031913882844719410e+00 -3.031913882844719410e+00 -3.031913882844719410e+00 -3.031913882844719410e+00 -3.031913882844719410e+00 -3.031913882844719410e+00 -3.031913882844719410e+00 -3.031913882844719410e+00 -3.031913882844719410e+00 -3.031913882844719410e+00 -3.031913882844719410e+00 -3.031913882844719410e+00 -3.031913882844719410e+00 -3.109453582493860946e+00 -3.120495406247408177e+00 -3.120495406247408177e+00 -3.120495406247408177e+00 -3.120495406247408177e+00 -3.120495406247408177e+00 -3.120495406247408177e+00 -3.120495406247408177e+00 -6.546622321918402321e+00 -6.546622321918402321e+00 -6.546622321918402321e+00 -6.546622321918402321e+00 -6.546622321918402321e+00 -6.546622321918402321e+00 -6.546622321918402321e+00 -6.546622321918402321e+00 -6.546622321918402321e+00 -6.546622321918402321e+00 -6.546622321918402321e+00 -6.546622321918402321e+00 -6.546622321918402321e+00 -6.546622321918402321e+00 -6.546622321918402321e+00 -6.546622321918402321e+00 -6.546622321918402321e+00 -6.546622321918402321e+00 -6.546622321918402321e+00 -6.546622321918402321e+00 -6.546622321918402321e+00 -6.546622321918402321e+00 -6.546622321918402321e+00 -6.546622321918402321e+00 -6.546622321918402321e+00 -6.546622321918402321e+00 -6.546622321918402321e+00 -6.546622321918402321e+00 -6.546622321918402321e+00 -6.546622321918402321e+00 -6.546622321918402321e+00 -6.546622321918402321e+00 -6.546622321918402321e+00 -6.546622321918402321e+00 -6.546622321918402321e+00 -6.566085617900031757e+00 -6.566085617900031757e+00 -6.566085617900031757e+00 -6.566085617900031757e+00 -6.566085617900031757e+00 -6.566085617900031757e+00 -6.566085617900031757e+00 -6.566085617900031757e+00 -6.566085617900031757e+00 -6.566085617900031757e+00 -6.566085617900031757e+00 -6.566085617900031757e+00 -6.566085617900031757e+00 -6.566085617900031757e+00 -6.566085617900031757e+00 -6.566085617900031757e+00 -6.566085617900031757e+00 -6.566085617900031757e+00 -6.566085617900031757e+00 -6.566085617900031757e+00 -6.566085617900031757e+00 -6.566085617900031757e+00 -6.566085617900031757e+00 -6.566085617900031757e+00 -6.566085617900031757e+00 -6.566085617900031757e+00 -6.566085617900031757e+00 -6.566085617900031757e+00 -6.566085617900031757e+00
3.076493527629273306e+00 3.076113038450017712e+00 1.898706406574933281e+00 1.898706406574933281e+00 1.787756883435029920e+00 1.443502819112660429e+00 1.443502819112660429e+00 7.428739843391454212e-01 7.428739843391454212e-01 7.428739843391454212e-01 7.428739843391454212e-01 4.503762972670056763e-01 4.503762972670056763e-01 4.503762972670056763e-01 4.503762972670056763e-01 4.503762972670056763e-01 4.503762972670056763e-01 4.503762972670056763e-01 4.503762972670056763e-01 4.503762972670056763e-01 4.503762972670056763e-01 4.503762972670056763e-01 -8.619354107855635438e-02 -3.432629549090210341e-01 -3.432629549090210341e-01 -3.432629549090210341e-01 -3.432629549090210341e-01 -3.432629549090210341e-01 -3.432629549090210341e-01 -3.432629549090210341e-01 -3.432629549090210341e-01 -4.092803050565397838e-01 -4.092803050565397838e-01 -6.818282818152187064e-01 -6.818282818152187064e-01 -6.818282818152187064e-01 -6.818282818152187064e-01 -7.122225332414284793e-01 -7.122225332414284793e-01 -1.332380953612742003e+00 -1.332380953612742003e+00 -1.332380953612742003e+00 -1.332380953612742003e+00 -1.332380953612742003e+00 -1.332380953612742003e+00 -1.332380953612742003e+00 -1.332380953612742003e+00 -1.332380953612742003e+00 -1.332380953612742003e+00 -1.373779790497837050e+00 -1.373779790497837050e+00 -1.373779790497837050e+00 -1.373779790497837050e+00 -1.373779790497837050e+00 -1.373779790497837050e+00 -1.373779790497837050e+00 -1.586056417037382316e+00 -1.586056417037382316e+00 -1.586056417037382316e+00 -1.586056417037382316e+00 -1.586056417037382316e+00 -1.751680534666284261e+00 -1.751680534666284261e+00 -1.751680534666284261e+00 -1.751680534666284261e+00 -1.751680534666284261e+00 -1.751680534666284261e+00 -1.751680534666284261e+00 -1.751680534666284261e+00 -1.751680534666284261e+00 -1.751680534666284261e+00 -1.751680534666284261e+00 -1.751680534666284261e+00 -1.751680534666284261e+00 -1.751680534666284261e+00 -1.751680534666284261e+00 -1.751680534666284261e+00 -1.751680534666284261e+00 -1.751680534666284261e+00 -1.751680534666284261e+00 -1.751680534666284261e+00 -1.751680534666284261e+00 -1.751680534666284261e+00 -1.751680534666284261e+00 -1.751680534666284261e+00 -1.751680534666284261e+00 -1.751680534666284261e+00 -1.751680534666284261e+00 -1.751680534666284261e+00 -1.751680534666284261e+00 -1.751680534666284261e+00 -1.751680534666284261e+00 -1.751680534666284261e+00 -1.751680534666284261e+00 -1.751680534666284261e+00 -1.751680534666284261e+00 -1.751680534666284261e+00 -1.751680534666284261e+00 -1.751680534666284261e+00 -1.751680534666284261e+00
3.075903663564081292e-01 2.928919301905895112e-01 2.928919301905895112e-01 2.928919301905895112e-01 2.928919301905895112e-01 2.928919301905895112e-01 2.928919301905895112e-01 2.928919301905895112e-01 2.928919301905895112e-01 2.928919301905895112e-01 2.928919301905895112e-01 2.928919301905895112e-01 2.633255418420168414e-01 2.260932897496809035e-01 1.795645157777722989e-01 1.795645157777722989e-01 1.795645157777722989e-01 1.795645157777722989e-01 1.795645157777722989e-01 1.795645157777722989e-01 1.555802338741213986e-01 1.555802338741213986e-01 1.555802338741213986e-01 1.555802338741213986e-01 1.555802338741213986e-01 1.555802338741213986e-01 1.555802338741213986e-01 1.555802338741213986e-01 1.555802338741213986e-01 1.555802338741213986e-01 1.555802338741213986e-01 1.555802338741213986e-01 1.555802338741213986e-01 1.555802338741213986e-01 1.555802338741213986e-01 1.555802338741213986e-01 1.555802338741213986e-01 1.555802338741213986e-01 1.555802338741213986e-01 1.555802338741213986e-01 1.436406165012856506e-01 1.436406165012856506e-01 7.759616621485646015e-02 7.759616621485646015e-02 7.759616621485646015e-02 7.759616621485646015e-02 6.885714289405953092e-02 6.885714289405953092e-02 6.885714289405953092e-02 6.885714289405953092e-02 6.885714289405953092e-02 6.885714289405953092e-02 6.885714289405953092e-02 6.885714289405953092e-02 3.900807884708386991e-02 3.900807884708386991e-02 3.900807884708386991e-02 3.900807884708386991e-02 3.900807884708386991e-02 3.900807884708386991e-02 3.900807884708386991e-02 3.900807884708386991e-02 3.900807884708386991e-02 3.900807884708386991e-02 3.900807884708386991e-02 -4.110846987891231957e-03 -4.110846987891231957e-03 -4.110846987891231957e-03 -4.110846987891231957e-03 -4.110846987891231957e-03 -4.110846987891231957e-03 -4.110846987891231957e-03 -4.110846987891231957e-03 -4.110846987891231957e-03 -4.110846987891231957e-03 -4.110846987891231957e-03 -4.110846987891231957e-03 -4.110846987891231957e-03 -4.110846987891231957e-03 -4.110846987891231957e-03 -4.110846987891231957e-03 -4.110846987891231957e-03 -4.110846987891231957e-03 -4.110846987891231957e-03 -4.110846987891231957e-03 -4.110846987891231957e-03 -4.110846987891231957e-03 -4.110846987891231957e-03 -4.110846987891231957e-03 -4.110846987891231957e-03 -4.110846987891231957e-03 -4.110846987891231957e-03 -4.110846987891231957e-03 -4.110846987891231957e-03 -4.110846987891231957e-03 -4.110846987891231957e-03 -4.110846987891231957e-03 -4.110846987891231957e-03 -4.110846987891231957e-03 -4.110846987891231957e-03
-4.542023795033452438e-01 -4.542023795033452438e-01 -4.542023795033452438e-01 -4.542023795033452438e-01 -4.542023795033452438e-01 -4.542023795033452438e-01 -4.542023795033452438e-01 -4.542023795033452438e-01 -4.918020088346977681e-01 -4.918020088346977681e-01 -4.918020088346977681e-01 -4.918020088346977681e-01 -4.918020088346977681e-01 -4.918020088346977681e-01 -4.918020088346977681e-01 -4.918020088346977681e-01 -4.918020088346977681e-01 -4.918020088346977681e-01 -4.918020088346977681e-01 -4.918020088346977681e-01 -4.918020088346977681e-01 -4.918020088346977681e-01 -4.918020088346977681e-01 -4.918020088346977681e-01 -5.705344997022032683e-01 -5.705344997022032683e-01 -6.013795616794951338e-01 -6.013795616794951338e-01 -6.013795616794951338e-01 -6.244944342720847308e-01 -6.244944342720847308e-01 -6.244944342720847308e-01 -6.244944342720847308e-01 -7.333812068955783969e-01 -7.333812068955783969e-01 -7.333812068955783969e-01 -7.333812068955783969e-01 -7.333812068955783969e-01 -8.489280751160073191e-01 -8.489280751160073191e-01 -8.489280751160073191e-01 -8.489280751160073191e-01 -8.489280751160073191e-01 -8.489280751160073191e-01 -8.489280751160073191e-01 -8.489280751160073191e-01 -8.492845244046985931e-01 -8.492845244046985931e-01 -8.898106511558491194e-01 -8.898106511558491194e-01 -8.898106511558491194e-01 -8.898106511558491194e-01 -8.898106511558491194e-01 -8.898106511558491194e-01 -8.898106511558491194e-01 -8.898106511558491194e-01 -8.898106511558491194e-01 -8.898106511558491194e-01 -8.898106511558491194e-01 -8.898106511558491194e-01 -8.898106511558491194e-01 -8.898106511558491194e-01 -8.898106511558491194e-01 -8.898106511558491194e-01 -8.898106511558491194e-01 -8.898106511558491194e-01 -8.898106511558491194e-01 -8.898106511558491194e-01 -8.898106511558491194e-01 -8.898106511558491194e-01 -8.898106511558491194e-01 -8.898106511558491194e-01 -8.898106511558491194e-01 -8.898106511558491194e-01 -8.898106511558491194e-01 -8.898106511558491194e-01 -8.898106511558491194e-01 -8.898106511558491194e-01 -8.898106511558491194e-01 -8.898106511558491194e-01 -8.898106511558491194e-01 -8.898106511558491194e-01 -8.898106511558491194e-01 -8.898106511558491194e-01 -8.898106511558491194e-01 -8.898106511558491194e-01 -8.898106511558491194e-01 -9.280191587149311250e-01 -9.280191587149311250e-01 -9.280191587149311250e-01 -9.280191587149311250e-01 -9.280191587149311250e-01 -9.280191587149311250e-01 -9.280191587149311250e-01 -9.280191587149311250e-01 -9.280191587149311250e-01 -9.280191587149311250e-01 -9.280191587149311250e-01 -9.280191587149311250e-01 -9.280191587149311250e-01
-4.398865186902515823e-01 -4.398865186902515823e-01 -4.398865186902515823e-01 -4.398865186902515823e-01 -4.398865186902515823e-01 -4.398865186902515823e-01 -4.398865186902515823e-01 -4.398865186902515823e-01 -4.398865186902515823e-01 -4.398865186902515823e-01 -4.398865186902515823e-01 -4.398865186902515823e-01 -4.398865186902515823e-01 -4.398865186902515823e-01 -4.398865186902515823e-01 -4.398865186902515823e-01 -4.398865186902515823e-01 -4.398865186902515823e-01 -4.398865186902515823e-01 -4.398865186902515823e-01 -4.398865186902515823e-01 -4.398865186902515823e-01 -4.398865186902515823e-01 -4.670241650291795388e-01 -4.670241650291795388e-01 -4.670241650291795388e-01 -4.670241650291795388e-01 -4.670241650291795388e-01 -4.670241650291795388e-01 -4.670241650291795388e-01 -4.670241650291795388e-01 -4.670241650291795388e-01 -4.670241650291795388e-01 -4.670241650291795388e-01 -4.670241650291795388e-01 -4.670241650291795388e-01 -4.670241650291795388e-01 -4.670241650291795388e-01 -4.670241650291795388e-01 -4.670241650291795388e-01 -7.155001692085357634e-01 -1.366987159144610331e+00 -1.366987159144610331e+00 -1.366987159144610331e+00 -1.366987159144610331e+00 -1.366987159144610331e+00 -1.366987159144610331e+00 -1.366987159144610331e+00 -1.366987159144610331e+00 -1.366987159144610331e+00 -1.366987159144610331e+00 -1.366987159144610331e+00 -1.366987159144610331e+00 -1.366987159144610331e+00 -1.366987159144610331e+00 -1.366987159144610331e+00 -1.366987159144610331e+00 -1.366987159144610331e+00 -1.771248986878180887e+00 -2.010250889449286316e+00 -2.010250889449286316e+00 -2.010250889449286316e+00 -2.010250889449286316e+00 -2.178589264769338563e+00 -2.178589264769338563e+00 -2.207047146748572608e+00 -2.302349828383749131e+00 -2.302349828383749131e+00 -2.404190758212063184e+00 -2.513949754161811434e+00 -2.513949754161811434e+00 -3.442434069250573714e+00 -3.442434069250573714e+00 -3.442434069250573714e+00 -3.442434069250573714e+00 -3.442434069250573714e+00 -3.442434069250573714e+00 -3.442434069250573714e+00 -3.442434069250573714e+00 -3.442434069250573714e+00 -3.442434069250573714e+00 -3.442434069250573714e+00 -3.442434069250573714e+00 -3.442434069250573714e+00 -3.442434069250573714e+00 -3.442434069250573714e+00 -3.442434069250573714e+00 -3.442434069250573714e+00 -3.480562134336989022e+00 -3.480562134336989022e+00 -3.480562134336989022e+00 -3.480562134336989022e+00 -3.655960080538985579e+00 -3.655960080538985579e+00 -3.655960080538985579e+00 -3.655960080538985579e+00 -3.655960080538985579e+00 -3.655960080538985579e+00 -3.655960080538985579e+00 -3.655960080538985579e+00
-2.534899300173321546e+00 -2.901740558336007414e+00 -2.901740558336007414e+00 -2.901740558336007414e+00 -2.930303391321228190e+00 -2.940863415303432760e+00 -2.940863415303432760e+00 -3.075286547333346832e+00 -3.075286547333346832e+00 -3.567292576776409874e+00 -3.567292576776409874e+00 -3.579954715540158983e+00 -3.579954715540158983e+00 -3.671827257499080677e+00 -4.070532665510145698e+00 -4.270716181634496955e+00 -4.270716181634496955e+00 -4.270716181634496955e+00 -4.270716181634496955e+00 -4.270716181634496955e+00 -4.270716181634496955e+00 -4.270716181634496955e+00 -4.270716181634496955e+00 -4.270716181634496955e+00 -4.270716181634496955e+00 -4.270716181634496955e+00 -4.270716181634496955e+00 -5.024369450953388494e+00 -5.024369450953388494e+00 -5.024369450953388494e+00 -5.024369450953388494e+00 -5.024369450953388494e+00 -5.024369450953388494e+00 -5.024369450953388494e+00 -5.024369450953388494e+00 -5.024369450953388494e+00 -5.024369450953388494e+00 -5.024369450953388494e+00 -5.024369450953388494e+00 -5.024369450953388494e+00 -5.024369450953388494e+00 -5.024369450953388494e+00 -5.024369450953388494e+00 -5.024369450953388494e+00 -5.024369450953388494e+00 -5.024369450953388494e+00 -5.024369450953388494e+00 -5.024369450953388494e+00 -5.024369450953388494e+00 -5.024369450953388494e+00 -5.024369450953388494e+00 -5.525587964061755564e+00 -5.525587964061755564e+00 -5.525587964061755564e+00 -5.525587964061755564e+00 -5.525587964061755564e+00 -5.525587964061755564e+00 -5.525587964061755564e+00 -5.910667127982761393e+00 -5.910667127982761393e+00 -5.910667127982761393e+00 -5.910667127982761393e+00 -5.910667127982761393e+00 -5.910667127982761393e+00 -5.910667127982761393e+00 -5.910667127982761393e+00 -5.910667127982761393e+00 -5.910667127982761393e+00 -5.910667127982761393e+00 -5.910667127982761393e+00 -5.910667127982761393e+00 -5.910667127982761393e+00 -5.910667127982761393e+00 -5.910667127982761393e+00 -5.910667127982761393e+00 -5.910667127982761393e+00 -5.910667127982761393e+00 -5.910667127982761393e+00 -5.910667127982761393e+00 -5.910667127982761393e+00 -5.910667127982761393e+00 -5.910667127982761393e+00 -5.910667127982761393e+00 -5.910667127982761393e+00 -5.910667127982761393e+00 -5.910667127982761393e+00 -5.910667127982761393e+00 -5.910667127982761393e+00 -5.910667127982761393e+00 -5.910667127982761393e+00 -5.910667127982761393e+00 -5.910667127982761393e+00 -5.910667127982761393e+00 -5.910667127982761393e+00 -5.910667127982761393e+00 -5.910667127982761393e+00 -5.910667127982761393e+00 -5.910667127982761393e+00 -5.910667127982761393e+00 -5.910667127982761393e+00
4.357025961521062141e-01 4.357025961521062141e-01 4.357025961521062141e-01 4.869430875567554856e-02 4.869430875567554856e-02 4.869430875567554856e-02 -5.179791404490061146e-02 -5.179791404490061146e-02 -7.994173923195183051e-02 -7.994173923195183051e-02 -7.994173923195183051e-02 -5.981103011669784975e-01 -7.145493742824032823e-01 -7.145493742824032823e-01 -7.145493742824032823e-01 -7.169592097990558077e-01 -7.169592097990558077e-01 -7.169592097990558077e-01 -7.169592097990558077e-01 -7.169592097990558077e-01 -7.169592097990558077e-01 -7.169592097990558077e-01 -7.611248016064238175e-01 -7.928413317748067568e-01 -7.928413317748067568e-01 -7.928413317748067568e-01 -7.928413317748067568e-01 -7.928413317748067568e-01 -7.928413317748067568e-01 -1.233126790072441858e+00 -1.233126790072441858e+00 -1.233126790072441858e+00 -1.233126790072441858e+00 -1.233126790072441858e+00 -1.233126790072441858e+00 -1.233126790072441858e+00 -1.233126790072441858e+00 -1.233126790072441858e+00 -1.233126790072441858e+00 -1.233126790072441858e+00 -1.233126790072441858e+00 -1.233126790072441858e+00 -1.233126790072441858e+00 -1.233126790072441858e+00 -1.233126790072441858e+00 -1.233126790072441858e+00 -1.233126790072441858e+00 -1.233126790072441858e+00 -1.233126790072441858e+00 -1.233126790072441858e+00 -1.233126790072441858e+00 -1.233126790072441858e+00 -1.233126790072441858e+00 -1.233126790072441858e+00 -1.233126790072441858e+00 -1.233126790072441858e+00 -1.233126790072441858e+00 -1.233126790072441858e+00 -1.233126790072441858e+00 -1.233126790072441858e+00 -1.233126790072441858e+00 -1.233126790072441858e+00 -1.233126790072441858e+00 -1.233126790072441858e+00 -1.233126790072441858e+00 -1.283161336765551219e+00 -1.283161336765551219e+00 -1.283161336765551219e+00 -1.283161336765551219e+00 -1.283161336765551219e+00 -1.283161336765551219e+00 -1.283161336765551219e+00 -1.446722733598782451e+00 -1.446722733598782451e+00 -1.562602709607366691e+00 -1.562602709607366691e+00 -1.562602709607366691e+00 -1.562602709607366691e+00 -1.562602709607366691e+00 -1.562602709607366691e+00 -1.913999666340582495e+00 -1.913999666340582495e+00 -1.913999666340582495e+00 -1.913999666340582495e+00 -1.937744960241466030e+00 -1.937744960241466030e+00 -2.097443279463369059e+00 -2.252802102746848334e+00 -2.252802102746848334e+00 -2.252802102746848334e+00 -2.252802102746848334e+00 -2.252802102746848334e+00 -2.252802102746848334e+00 -2.252802102746848334e+00 -2.252802102746848334e+00 -2.252802102746848334e+00 -2.252802102746848334e+00 -2.307754259305021538e+00 -2.307754259305021538e+00 -2.455285643178613864e+00
1.296019069379049371e-02 1.296019069379049371e-02 1.296019069379049371e-02 1.296019069379049371e-02 -9.102316362889738277e-02 -9.102316362889738277e-02 -9.102316362889738277e-02 -2.423721060381451020e-01 -3.083981661027576648e-01 -3.083981661027576648e-01 -6.042460114814596217e-01 -6.057352937927691361e-01 -6.702177495332589663e-01 -6.702177495332589663e-01 -6.702177495332589663e-01 -6.702177495332589663e-01 -6.702177495332589663e-01 -6.702177495332589663e-01 -6.702177495332589663e-01 -1.107623459633647389e+00 -1.107623459633647389e+00 -1.107623459633647389e+00 -1.107623459633647389e+00 -1.107623459633647389e+00 -1.107623459633647389e+00 -1.107623459633647389e+00 -1.107623459633647389e+00 -1.110185595682829485e+00 -1.110185595682829485e+00 -1.110185595682829485e+00 -1.110185595682829485e+00 -1.110185595682829485e+00 -1.110185595682829485e+00 -1.110185595682829485e+00 -1.110185595682829485e+00 -1.110185595682829485e+00 -1.110185595682829485e+00 -1.110185595682829485e+00 -1.110185595682829485e+00 -1.110185595682829485e+00 -1.110185595682829485e+00 -1.110185595682829485e+00 -1.110185595682829485e+00 -1.110185595682829485e+00 -1.110185595682829485e+00 -1.110185595682829485e+00 -1.110185595682829485e+00 -1.110185595682829485e+00 -1.110185595682829485e+00 -1.110185595682829485e+00 -1.110185595682829485e+00 -1.110185595682829485e+00 -1.110185595682829485e+00 -1.110185595682829485e+00 -1.110185595682829485e+00 -1.110185595682829485e+00 -1.110185595682829485e+00 -1.110185595682829485e+00 -1.110185595682829485e+00 -1.110185595682829485e+00 -1.110185595682829485e+00 -1.700304924002207674e+00 -1.700304924002207674e+00 -1.723330884248547967e+00 -3.275892283338553312e+00 -3.275892283338553312e+00 -3.275892283338553312e+00 -3.275892283338553312e+00 -3.275892283338553312e+00 -3.275892283338553312e+00 -3.275892283338553312e+00 -3.275892283338553312e+00 -3.275892283338553312e+00 -3.275892283338553312e+00 -3.275892283338553312e+00 -3.275892283338553312e+00 -3.275892283338553312e+00 -3.275892283338553312e+00 -3.275892283338553312e+00 -3.275892283338553312e+00 -3.275892283338553312e+00 -3.275892283338553312e+00 -3.275892283338553312e+00 -3.275892283338553312e+00 -3.275892283338553312e+00 -3.275892283338553312e+00 -3.275892283338553312e+00 -3.275892283338553312e+00 -3.275892283338553312e+00 -3.275892283338553312e+00 -3.275892283338553312e+00 -3.275892283338553312e+00 -3.275892283338553312e+00 -3.275892283338553312e+00 -3.275892283338553312e+00 -3.275892283338553312e+00 -3.275892283338553312e+00 -3.275892283338553312e+00 -3.275892283338553312e+00 -3.523550425191690039e+00
-1.141408059032235633e-01 -2.509130786209789465e-01 -3.176759583983392865e-01 -3.176759583983392865e-01 -3.176759583983392865e-01 -4.357361084693865960e-01 -4.357361084693865960e-01 -4.357361084693865960e-01 -4.357361084693865960e-01 -4.357361084693865960e-01 -4.357361084693865960e-01 -4.357361084693865960e-01 -4.678797967615966336e-01 -4.678797967615966336e-01 -4.678797967615966336e-01 -4.678797967615966336e-01 -4.678797967615966336e-01 -4.678797967615966336e-01 -5.813182528128287840e-01 -5.813182528128287840e-01 -5.813182528128287840e-01 -5.813182528128287840e-01 -5.813182528128287840e-01 -6.020120115445950493e-01 -6.020120115445950493e-01 -6.020120115445950493e-01 -6.020120115445950493e-01 -6.020120115445950493e-01 -6.020120115445950493e-01 -6.020120115445950493e-01 -6.020120115445950493e-01 -6.020120115445950493e-01 -6.020120115445950493e-01 -6.020120115445950493e-01 -6.020120115445950493e-01 -1.056669744635444497e+00 -1.056669744635444497e+00 -1.056669744635444497e+00 -1.056669744635444497e+00 -1.056669744635444497e+00 -1.056669744635444497e+00 -1.056669744635444497e+00 -1.056669744635444497e+00 -1.056669744635444497e+00 -1.056669744635444497e+00 -1.056669744635444497e+00 -1.056669744635444497e+00 -1.056669744635444497e+00 -1.056669744635444497e+00 -1.056669744635444497e+00 -1.056669744635444497e+00 -1.056669744635444497e+00 -1.056669744635444497e+00 -1.056669744635444497e+00 -1.056669744635444497e+00 -1.056669744635444497e+00 -1.056669744635444497e+00 -1.056669744635444497e+00 -1.267297667201452205e+00 -1.645941277762755339e+00 -1.645941277762755339e+00 -1.645941277762755339e+00 -1.645941277762755339e+00 -1.645941277762755339e+00 -1.645941277762755339e+00 -1.645941277762755339e+00 -1.645941277762755339e+00 -1.645941277762755339e+00 -1.645941277762755339e+00 -1.645941277762755339e+00 -1.645941277762755339e+00 -1.645941277762755339e+00 -1.645941277762755339e+00 -1.645941277762755339e+00 -1.645941277762755339e+00 -1.651571949978623222e+00 -1.651571949978623222e+00 -1.651571949978623222e+00 -1.651571949978623222e+00 -1.651571949978623222e+00 -1.651571949978623222e+00 -1.651571949978623222e+00 -1.651571949978623222e+00 -1.651571949978623222e+00 -1.651571949978623222e+00 -1.651571949978623222e+00 -1.651571949978623222e+00 -1.651571949978623222e+00 -1.651571949978623222e+00 -1.651571949978623222e+00 -1.651571949978623222e+00 -1.651571949978623222e+00 -1.651571949978623222e+00 -1.651571949978623222e+00 -1.651571949978623222e+00 -1.691466347038939499e+00 -1.691466347038939499e+00 -1.691466347038939499e+00 -1.691466347038939499e+00 -1.691466347038939499e+00
-8.748138406560755920e-01 -8.748138406560755920e-01 -8.748138406560755920e-01 -8.748138406560755920e-01 -8.748138406560755920e-01 -8.909900390934694103e-01 -8.909900390934694103e-01 -8.909900390934694103e-01 -8.909900390934694103e-01 -8.909900390934694103e-01 -8.909900390934694103e-01 -8.909900390934694103e-01 -8.909900390934694103e-01 -8.909900390934694103e-01 -8.909900390934694103e-01 -8.909900390934694103e-01 -8.909900390934694103e-01 -8.909900390934694103e-01 -8.909900390934694103e-01 -8.909900390934694103e-01 -8.909900390934694103e-01 -9.513736626572787403e-01 -1.168410297931319786e+00 -1.168410297931319786e+00 -1.168410297931319786e+00 -1.168410297931319786e+00 -1.168410297931319786e+00 -1.168410297931319786e+00 -1.168410297931319786e+00 -1.168410297931319786e+00 -1.168410297931319786e+00 -1.168410297931319786e+00 -1.168410297931319786e+00 -1.168410297931319786e+00 -1.168410297931319786e+00 -1.168410297931319786e+00 -1.168410297931319786e+00 -1.168410297931319786e+00 -1.168410297931319786e+00 -1.168410297931319786e+00 -1.168410297931319786e+00 -1.168410297931319786e+00 -1.168410297931319786e+00 -1.168410297931319786e+00 -1.168410297931319786e+00 -1.168410297931319786e+00 -1.168410297931319786e+00 -1.168410297931319786e+00 -1.168410297931319786e+00 -1.168410297931319786e+00 -1.168410297931319786e+00 -1.168410297931319786e+00 -1.168410297931319786e+00 -1.168410297931319786e+00 -1.168410297931319786e+00 -1.168410297931319786e+00 -1.168410297931319786e+00 -1.231173960262688993e+00 -1.240685321427216437e+00 -1.240685321427216437e+00 -1.240685321427216437e+00 -1.240685321427216437e+00 -1.402519370590034953e+00 -2.575535450592298936e+00 -2.575535450592298936e+00 -2.575535450592298936e+00 -2.575535450592298936e+00 -2.575535450592298936e+00 -2.725792660452906802e+00 -2.725792660452906802e+00 -2.725792660452906802e+00 -2.725792660452906802e+00 -2.725792660452906802e+00 -2.725792660452906802e+00 -2.725792660452906802e+00 -2.725792660452906802e+00 -2.725792660452906802e+00 -2.791549649157559987e+00 -2.791549649157559987e+00 -2.791549649157559987e+00 -2.791549649157559987e+00 -2.791549649157559987e+00 -2.791549649157559987e+00 -2.881481055582263640e+00 -2.881481055582263640e+00 -2.881481055582263640e+00 -2.881481055582263640e+00 -2.881481055582263640e+00 -2.881481055582263640e+00 -2.881481055582263640e+00 -2.881481055582263640e+00 -2.881481055582263640e+00 -2.881481055582263640e+00 -2.881481055582263640e+00 -2.881481055582263640e+00 -2.881481055582263640e+00 -2.883448127383504644e+00 -2.883448127383504644e+00 -2.883448127383504644e+00 -2.883448127383504644e+00
-6.331487514961985363e-01 -7.883682728686957075e-01 -7.883682728686957075e-01 -7.883682728686957075e-01 -1.105829265181373700e+00 -1.105829265181373700e+00 -1.105829265181373700e+00 -1.105829265181373700e+00 -1.105829265181373700e+00 -1.105829265181373700e+00 -1.105829265181373700e+00 -1.105829265181373700e+00 -1.105829265181373700e+00 -1.105829265181373700e+00 -1.105829265181373700e+00 -1.105829265181373700e+00 -1.105829265181373700e+00 -1.105829265181373700e+00 -1.105829265181373700e+00 -1.105829265181373700e+00 -1.105829265181373700e+00 -1.105829265181373700e+00 -1.105829265181373700e+00 -1.105829265181373700e+00 -1.105829265181373700e+00 -1.105829265181373700e+00 -1.105829265181373700e+00 -1.821485528020060585e+00 -1.821485528020060585e+00 -1.821485528020060585e+00 -1.821485528020060585e+00 -1.821485528020060585e+00 -1.821485528020060585e+00 -1.821485528020060585e+00 -1.821485528020060585e+00 -1.923812174672702824e+00 -1.923812174672702824e+00 -1.923812174672702824e+00 -1.923812174672702824e+00 -1.923812174672702824e+00 -1.923812174672702824e+00 -2.241577602292646798e+00 -2.241577602292646798e+00 -2.241577602292646798e+00 -2.241577602292646798e+00 -2.241577602292646798e+00 -2.241577602292646798e+00 -2.241577602292646798e+00 -2.241577602292646798e+00 -2.241577602292646798e+00 -2.241577602292646798e+00 -2.241577602292646798e+00 -2.241577602292646798e+00 -2.241577602292646798e+00 -2.241577602292646798e+00 -2.241577602292646798e+00 -2.241577602292646798e+00 -2.241577602292646798e+00 -2.241577602292646798e+00 -2.241577602292646798e+00 -2.241577602292646798e+00 -2.241577602292646798e+00 -2.241577602292646798e+00 -2.241577602292646798e+00 -2.241577602292646798e+00 -2.241577602292646798e+00 -2.241577602292646798e+00 -2.241577602292646798e+00 -2.241577602292646798e+00 -2.241577602292646798e+00 -2.241577602292646798e+00 -2.241577602292646798e+00 -2.241577602292646798e+00 -2.241577602292646798e+00 -2.241577602292646798e+00 -2.241577602292646798e+00 -2.241577602292646798e+00 -2.241577602292646798e+00 -2.241577602292646798e+00 -2.241577602292646798e+00 -2.241577602292646798e+00 -2.241577602292646798e+00 -2.241577602292646798e+00 -2.241577602292646798e+00 -2.241577602292646798e+00 -2.241577602292646798e+00 -2.241577602292646798e+00 -2.241577602292646798e+00 -2.459686018321651346e+00 -2.459686018321651346e+00 -2.459686018321651346e+00 -2.459686018321651346e+00 -2.459686018321651346e+00 -2.459686018321651346e+00 -2.459686018321651346e+00 -2.459686018321651346e+00 -2.459686018321651346e+00 -2.459686018321651346e+00 -2.459686018321651346e+00 -2.459686018321651346e+00
-1.796411561559735914e-01 -1.796411561559735914e-01 -2.478624073906171288e-01 -2.643589663032844816e-01 -2.643589663032844816e-01 -2.643589663032844816e-01 -2.643589663032844816e-01 -2.643589663032844816e-01 -2.643589663032844816e-01 -3.058808695668829292e-01 -3.058808695668829292e-01 -4.540585733800399093e-01 -4.540585733800399093e-01 -4.540585733800399093e-01 -5.899016989271986811e-01 -5.899016989271986811e-01 -5.899016989271986811e-01 -5.899016989271986811e-01 -5.899016989271986811e-01 -5.899016989271986811e-01 -6.534082470647061269e-01 -6.534082470647061269e-01 -6.534082470647061269e-01 -6.534082470647061269e-01 -6.534082470647061269e-01 -6.534082470647061269e-01 -6.534082470647061269e-01 -6.534082470647061269e-01 -7.069212559750465141e-01 -7.069212559750465141e-01 -7.069212559750465141e-01 -7.138092491936139927e-01 -7.138092491936139927e-01 -7.138092491936139927e-01 -7.138092491936139927e-01 -7.138092491936139927e-01 -9.052950604580490834e-01 -9.052950604580490834e-01 -9.052950604580490834e-01 -9.066997406764665257e-01 -9.066997406764665257e-01 -9.066997406764665257e-01 -9.066997406764665257e-01 -9.066997406764665257e-01 -9.066997406764665257e-01 -9.066997406764665257e-01 -9.066997406764665257e-01 -9.066997406764665257e-01 -9.066997406764665257e-01 -9.066997406764665257e-01 -9.066997406764665257e-01 -9.066997406764665257e-01 -9.066997406764665257e-01 -9.066997406764665257e-01 -9.066997406764665257e-01 -9.066997406764665257e-01 -9.066997406764665257e-01 -9.066997406764665257e-01 -9.066997406764665257e-01 -9.066997406764665257e-01 -9.066997406764665257e-01 -9.066997406764665257e-01 -9.066997406764665257e-01 -9.797664419037669381e-01 -1.038194263516825977e+00 -1.038194263516825977e+00 -1.038194263516825977e+00 -1.038194263516825977e+00 -1.038194263516825977e+00 -1.038194263516825977e+00 -1.038194263516825977e+00 -1.038194263516825977e+00 -1.054750894243080550e+00 -1.054750894243080550e+00 -1.054750894243080550e+00 -1.054750894243080550e+00 -1.054750894243080550e+00 -1.054750894243080550e+00 -1.054750894243080550e+00 -1.054750894243080550e+00 -1.054750894243080550e+00 -1.054750894243080550e+00 -1.054750894243080550e+00 -1.054750894243080550e+00 -1.054750894243080550e+00 -1.054750894243080550e+00 -1.054750894243080550e+00 -1.054750894243080550e+00 -1.054750894243080550e+00 -1.054750894243080550e+00 -1.054750894243080550e+00 -1.054750894243080550e+00 -1.054750894243080550e+00 -1.054750894243080550e+00 -1.054750894243080550e+00 -1.054750894243080550e+00 -1.054750894243080550e+00 -1.054750894243080550e+00 -1.054750894243080550e+00 -1.054750894243080550e+00
1.976083646362048751e-01 1.976083646362048751e-01 1.976083646362048751e-01 1.976083646362048751e-01 1.976083646362048751e-01 1.976083646362048751e-01 1.976083646362048751e-01 1.976083646362048751e-01 1.976083646362048751e-01 1.976083646362048751e-01 1.976083646362048751e-01 1.976083646362048751e-01 1.976083646362048751e-01 1.976083646362048751e-01 1.976083646362048751e-01 1.976083646362048751e-01 1.976083646362048751e-01 1.976083646362048751e-01 1.202268398208371364e-01 -2.704039614743551367e-01 -2.704039614743551367e-01 -2.704039614743551367e-01 -2.704039614743551367e-01 -2.704039614743551367e-01 -2.984283136986199403e-01 -2.984283136986199403e-01 -2.984283136986199403e-01 -2.984283136986199403e-01 -2.984283136986199403e-01 -2.984283136986199403e-01 -6.143403956257851295e-01 -6.917790711431772710e-01 -6.917790711431772710e-01 -8.993212153711752643e-01 -8.993212153711752643e-01 -8.993212153711752643e-01 -8.993212153711752643e-01 -8.993212153711752643e-01 -8.993212153711752643e-01 -9.012804762935525682e-01 -9.012804762935525682e-01 -9.012804762935525682e-01 -9.012804762935525682e-01 -9.012804762935525682e-01 -1.025286894617358779e+00 -1.025286894617358779e+00 -1.025286894617358779e+00 -1.123193191942739588e+00 -1.123193191942739588e+00 -1.123193191942739588e+00 -1.123193191942739588e+00 -1.123193191942739588e+00 -1.123193191942739588e+00 -1.123193191942739588e+00 -1.123193191942739588e+00 -1.123193191942739588e+00 -1.123193191942739588e+00 -1.163293592857461478e+00 -1.163293592857461478e+00 -1.163293592857461478e+00 -1.163293592857461478e+00 -1.163293592857461478e+00 -1.163293592857461478e+00 -1.163293592857461478e+00 -1.163293592857461478e+00 -1.163293592857461478e+00 -1.163293592857461478e+00 -1.163293592857461478e+00 -1.163293592857461478e+00 -1.163293592857461478e+00 -1.163293592857461478e+00 -1.331056748903430842e+00 -1.331056748903430842e+00 -1.331056748903430842e+00 -1.331056748903430842e+00 -1.331056748903430842e+00 -1.331056748903430842e+00 -1.331056748903430842e+00 -1.331056748903430842e+00 -1.331056748903430842e+00 -1.331056748903430842e+00 -1.331056748903430842e+00 -1.331056748903430842e+00 -1.331056748903430842e+00 -1.331056748903430842e+00 -1.546407626471278718e+00 -1.546407626471278718e+00 -1.546407626471278718e+00 -1.546407626471278718e+00 -1.546407626471278718e+00 -1.546407626471278718e+00 -1.546407626471278718e+00 -1.546407626471278718e+00 -1.546407626471278718e+00 -1.546407626471278718e+00 -1.546407626471278718e+00 -1.546407626471278718e+00 -1.546407626471278718e+00 -1.546407626471278718e+00 -1.546407626471278718e+00
-5.233488974482385370e-01 -1.086645217043344269e+00 -1.086645217043344269e+00 -1.086645217043344269e+00 -1.086645217043344269e+00 -1.136136127749015401e+00 -1.136136127749015401e+00 -1.231027831160638852e+00 -1.231027831160638852e+00 -1.231027831160638852e+00 -1.231027831160638852e+00 -1.231027831160638852e+00 -1.231027831160638852e+00 -1.231027831160638852e+00 -1.231027831160638852e+00 -1.231027831160638852e+00 -1.231027831160638852e+00 -1.231027831160638852e+00 -1.231027831160638852e+00 -1.231027831160638852e+00 -1.231027831160638852e+00 -1.231027831160638852e+00 -1.231027831160638852e+00 -1.231027831160638852e+00 -1.231027831160638852e+00 -1.231027831160638852e+00 -1.231027831160638852e+00 -1.231027831160638852e+00 -1.231027831160638852e+00 -1.231027831160638852e+00 -1.501375193025786592e+00 -1.501375193025786592e+00 -1.501375193025786592e+00 -1.501375193025786592e+00 -1.501375193025786592e+00 -1.501375193025786592e+00 -1.501375193025786592e+00 -1.501375193025786592e+00 -1.501375193025786592e+00 -1.501487133691500775e+00 -1.501487133691500775e+00 -1.884566329690830599e+00 -1.884566329690830599e+00 -1.884566329690830599e+00 -1.884566329690830599e+00 -1.884566329690830599e+00 -1.884566329690830599e+00 -1.884566329690830599e+00 -1.884566329690830599e+00 -1.884566329690830599e+00 -1.884566329690830599e+00 -1.884566329690830599e+00 -1.884566329690830599e+00 -1.884566329690830599e+00 -1.884566329690830599e+00 -2.260249053003607678e+00 -2.260249053003607678e+00 -2.260249053003607678e+00 -2.260249053003607678e+00 -2.260249053003607678e+00 -2.432905381026591485e+00 -2.432905381026591485e+00 -2.432905381026591485e+00 -2.432905381026591485e+00 -2.432905381026591485e+00 -2.432905381026591485e+00 -2.432905381026591485e+00 -2.614009703540985718e+00 -3.094783922369680251e+00 -3.094783922369680251e+00 -3.094783922369680251e+00 -3.094783922369680251e+00 -3.094783922369680251e+00 -3.094783922369680251e+00 -3.094783922369680251e+00 -3.094783922369680251e+00 -3.094783922369680251e+00 -3.094783922369680251e+00 -3.094783922369680251e+00 -3.094783922369680251e+00 -3.094783922369680251e+00 -3.094783922369680251e+00 -3.094783922369680251e+00 -3.430284754965919891e+00 -3.430284754965919891e+00 -3.430284754965919891e+00 -3.430284754965919891e+00 -3.430284754965919891e+00 -3.430284754965919891e+00 -3.430284754965919891e+00 -3.430284754965919891e+00 -3.430284754965919891e+00 -3.430284754965919891e+00 -3.430284754965919891e+00 -3.430284754965919891e+00 -3.430284754965919891e+00 -3.430284754965919891e+00 -3.430284754965919891e+00 -3.430284754965919891e+00 -3.430284754965919891e+00
7.170583137659521100e-02 7.170583137659521100e-02 7.170583137659521100e-02 7.170583137659521100e-02 -2.636388098679656733e-01 -1.767337155821600003e+00 -1.767337155821600003e+00 -1.767337155821600003e+00 -1.837153303562761186e+00 -1.965289269043241527e+00 -1.965289269043241527e+00 -1.965289269043241527e+00 -1.992534494857904681e+00 -2.005485002359558067e+00 -2.274983454774896607e+00 -2.274983454774896607e+00 -2.274983454774896607e+00 -2.274983454774896607e+00 -2.274983454774896607e+00 -2.274983454774896607e+00 -2.274983454774896607e+00 -2.274983454774896607e+00 -2.274983454774896607e+00 -2.274983454774896607e+00 -2.408905216632116097e+00 -2.408905216632116097e+00 -2.408905216632116097e+00 -2.408905216632116097e+00 -2.408905216632116097e+00 -2.408905216632116097e+00 -2.408905216632116097e+00 -2.408905216632116097e+00 -2.408905216632116097e+00 -2.408905216632116097e+00 -2.547634441219110535e+00 -2.547634441219110535e+00 -2.547634441219110535e+00 -2.547634441219110535e+00 -2.547634441219110535e+00 -2.547634441219110535e+00 -2.547634441219110535e+00 -2.767125854546689911e+00 -2.767125854546689911e+00 -2.767125854546689911e+00 -2.767125854546689911e+00 -2.767125854546689911e+00 -2.767125854546689911e+00 -2.767125854546689911e+00 -2.767125854546689911e+00 -2.767125854546689911e+00 -2.767125854546689911e+00 -2.767125854546689911e+00 -2.767125854546689911e+00 -2.767125854546689911e+00 -2.767125854546689911e+00 -2.767125854546689911e+00 -2.767125854546689911e+00 -2.767125854546689911e+00 -2.767125854546689911e+00 -2.767125854546689911e+00 -2.767125854546689911e+00 -2.767125854546689911e+00 -2.767125854546689911e+00 -2.767125854546689911e+00 -2.767125854546689911e+00 -2.767125854546689911e+00 -2.767125854546689911e+00 -2.767125854546689911e+00 -2.767125854546689911e+00 -2.767125854546689911e+00 -2.767125854546689911e+00 -2.767125854546689911e+00 -2.767125854546689911e+00 -2.767125854546689911e+00 -2.767125854546689911e+00 -2.767125854546689911e+00 -2.767125854546689911e+00 -2.767125854546689911e+00 -2.767125854546689911e+00 -2.767125854546689911e+00 -2.767125854546689911e+00 -2.767125854546689911e+00 -2.767125854546689911e+00 -2.767125854546689911e+00 -2.767125854546689911e+00 -2.777310766289541100e+00 -2.777310766289541100e+00 -3.499348904821457662e+00 -3.499348904821457662e+00 -3.499348904821457662e+00 -3.580475970530791141e+00 -3.580475970530791141e+00 -3.580475970530791141e+00 -3.580475970530791141e+00 -3.580475970530791141e+00 -3.580475970530791141e+00 -3.580475970530791141e+00 -3.580475970530791141e+00 -3.580475970530791141e+00 -3.580475970530791141e+00
5.116403006285552557e-01 3.480344646430733047e-02 3.480344646430733047e-02 3.480344646430733047e-02 3.480344646430733047e-02 -8.129468137799447103e-01 -8.129468137799447103e-01 -8.129468137799447103e-01 -1.144905510252321346e+00 -1.577851175571801212e+00 -1.577851175571801212e+00 -1.577851175571801212e+00 -1.623386268101241425e+00 -1.623386268101241425e+00 -1.623386268101241425e+00 -1.623386268101241425e+00 -1.623386268101241425e+00 -1.623386268101241425e+00 -2.000742123342116319e+00 -2.000742123342116319e+00 -2.000742123342116319e+00 -2.000742123342116319e+00 -2.000742123342116319e+00 -2.000742123342116319e+00 -2.000742123342116319e+00 -2.000742123342116319e+00 -2.000742123342116319e+00 -2.000742123342116319e+00 -2.000742123342116319e+00 -2.000742123342116319e+00 -2.000742123342116319e+00 -2.000742123342116319e+00 -2.000742123342116319e+00 -2.000742123342116319e+00 -2.000742123342116319e+00 -2.000742123342116319e+00 -2.000742123342116319e+00 -2.000742123342116319e+00 -2.000742123342116319e+00 -2.000742123342116319e+00 -2.000742123342116319e+00 -2.000742123342116319e+00 -2.000742123342116319e+00 -2.000742123342116319e+00 -3.084254310636327823e+00 -3.084254310636327823e+00 -3.084254310636327823e+00 -3.084254310636327823e+00 -3.084254310636327823e+00 -3.559539097981518019e+00 -3.559539097981518019e+00 -3.559539097981518019e+00 -3.559539097981518019e+00 -3.559539097981518019e+00 -3.559539097981518019e+00 -3.559539097981518019e+00 -3.559539097981518019e+00 -3.559539097981518019e+00 -3.559539097981518019e+00 -3.559539097981518019e+00 -3.559539097981518019e+00 -3.559539097981518019e+00 -3.559539097981518019e+00 -3.559539097981518019e+00 -3.559539097981518019e+00 -3.559539097981518019e+00 -3.585077970421960192e+00 -3.585077970421960192e+00 -3.585077970421960192e+00 -3.585077970421960192e+00 -3.585077970421960192e+00 -3.585077970421960192e+00 -3.585077970421960192e+00 -3.585077970421960192e+00 -3.585077970421960192e+00 -3.585077970421960192e+00 -3.585077970421960192e+00 -3.585077970421960192e+00 -3.585077970421960192e+00 -3.585077970421960192e+00 -3.585077970421960192e+00 -3.585077970421960192e+00 -3.585077970421960192e+00 -3.585077970421960192e+00 -3.585077970421960192e+00 -3.585077970421960192e+00 -3.585077970421960192e+00 -3.585077970421960192e+00 -3.585077970421960192e+00 -3.585077970421960192e+00 -3.585077970421960192e+00 -3.585077970421960192e+00 -3.585077970421960192e+00 -3.585077970421960192e+00 -3.585077970421960192e+00 -3.585077970421960192e+00 -3.585077970421960192e+00 -3.585077970421960192e+00 -3.585077970421960192e+00 -3.585077970421960192e+00
1.310935009701180043e+00 8.671424125973562491e-01 8.671424125973562491e-01 8.671424125973562491e-01 8.671424125973562491e-01 7.575647444863733426e-01 7.552636267287639038e-01 7.552636267287639038e-01 7.552636267287639038e-01 7.552636267287639038e-01 7.552636267287639038e-01 7.552636267287639038e-01 7.552636267287639038e-01 7.552636267287639038e-01 7.552636267287639038e-01 7.552636267287639038e-01 7.552636267287639038e-01 7.552636267287639038e-01 7.124181808227888490e-01 7.124181808227888490e-01 7.124181808227888490e-01 7.124181808227888490e-01 7.124181808227888490e-01 7.124181808227888490e-01 7.124181808227888490e-01 7.124181808227888490e-01 7.124181808227888490e-01 7.124181808227888490e-01 7.124181808227888490e-01 7.124181808227888490e-01 7.124181808227888490e-01 7.124181808227888490e-01 7.124181808227888490e-01 7.124181808227888490e-01 6.777307073591337661e-01 6.777307073591337661e-01 6.777307073591337661e-01 6.777307073591337661e-01 6.694428974988418934e-01 4.921306507469953573e-01 4.921306507469953573e-01 1.029757313029452531e-01 1.029757313029452531e-01 -5.481214785493417063e-02 -6.477882398397366570e-02 -6.477882398397366570e-02 -2.704460658999689460e-01 -5.981832142307452749e-01 -6.375456521352229622e-01 -7.306933880176064156e-01 -9.194149969345962736e-01 -9.194149969345962736e-01 -9.194149969345962736e-01 -9.194149969345962736e-01 -9.194149969345962736e-01 -9.194149969345962736e-01 -9.477624492285769975e-01 -9.477624492285769975e-01 -9.477624492285769975e-01 -9.477624492285769975e-01 -9.477624492285769975e-01 -1.107876474218038476e+00 -1.107876474218038476e+00 -1.271699550480095420e+00 -1.271699550480095420e+00 -1.271699550480095420e+00 -1.271699550480095420e+00 -1.386998284190692043e+00 -1.386998284190692043e+00 -1.407463682162286345e+00 -1.407463682162286345e+00 -1.407463682162286345e+00 -1.407463682162286345e+00 -1.407463682162286345e+00 -1.407463682162286345e+00 -1.637334335051586987e+00 -1.637334335051586987e+00 -1.637334335051586987e+00 -1.637334335051586987e+00 -1.637334335051586987e+00 -1.637334335051586987e+00 -1.831536390287950011e+00 -1.831536390287950011e+00 -1.831536390287950011e+00 -1.831536390287950011e+00 -1.831536390287950011e+00 -1.831536390287950011e+00 -1.831536390287950011e+00 -1.831536390287950011e+00 -1.831536390287950011e+00 -1.831536390287950011e+00 -1.831536390287950011e+00 -1.930928330827243578e+00 -1.930928330827243578e+00 -1.930928330827243578e+00 -1.930928330827243578e+00 -1.930928330827243578e+00 -1.930928330827243578e+00 -1.930928330827243578e+00 -1.930928330827243578e+00
-1.420390790610530862e+00 -1.829931576366046420e+00 -1.876806849496089225e+00 -1.876806849496089225e+00 -1.876806849496089225e+00 -1.876806849496089225e+00 -1.876806849496089225e+00 -2.054382335236372814e+00 -2.423649506271007059e+00 -2.423649506271007059e+00 -2.612018594278672445e+00 -2.612018594278672445e+00 -2.612018594278672445e+00 -2.612018594278672445e+00 -2.882268947262769831e+00 -2.882268947262769831e+00 -2.882268947262769831e+00 -2.882268947262769831e+00 -2.907461294935953067e+00 -2.907461294935953067e+00 -2.907461294935953067e+00 -2.907461294935953067e+00 -2.907461294935953067e+00 -2.907461294935953067e+00 -2.907461294935953067e+00 -2.907461294935953067e+00 -2.907461294935953067e+00 -2.907461294935953067e+00 -2.907461294935953067e+00 -2.907461294935953067e+00 -2.907461294935953067e+00 -2.907461294935953067e+00 -2.907461294935953067e+00 -2.907461294935953067e+00 -2.907461294935953067e+00 -2.907461294935953067e+00 -2.907461294935953067e+00 -2.907461294935953067e+00 -2.907461294935953067e+00 -2.907461294935953067e+00 -2.907461294935953067e+00 -2.907461294935953067e+00 -2.907461294935953067e+00 -2.907461294935953067e+00 -2.907461294935953067e+00 -2.907461294935953067e+00 -2.907461294935953067e+00 -2.907461294935953067e+00 -2.907461294935953067e+00 -2.907461294935953067e+00 -2.907461294935953067e+00 -2.907461294935953067e+00 -2.907461294935953067e+00 -2.907461294935953067e+00 -2.907461294935953067e+00 -2.907461294935953067e+00 -2.907461294935953067e+00 -2.907461294935953067e+00 -2.907461294935953067e+00 -2.907461294935953067e+00 -2.907461294935953067e+00 -2.907461294935953067e+00 -2.907461294935953067e+00 -2.907461294935953067e+00 -2.907461294935953067e+00 -2.907461294935953067e+00 -2.907461294935953067e+00 -2.907461294935953067e+00 -2.907461294935953067e+00 -2.907461294935953067e+00 -2.907461294935953067e+00 -2.907461294935953067e+00 -2.907461294935953067e+00 -2.907461294935953067e+00 -2.907461294935953067e+00 -2.907461294935953067e+00 -2.907461294935953067e+00 -2.907461294935953067e+00 -2.907461294935953067e+00 -2.907461294935953067e+00 -2.907461294935953067e+00 -2.907461294935953067e+00 -2.907461294935953067e+00 -2.907461294935953067e+00 -3.800409764869833396e+00 -3.800409764869833396e+00 -4.104442680231839446e+00 -4.254882379896885780e+00 -4.301239621676905323e+00 -4.301239621676905323e+00 -4.301239621676905323e+00 -4.301239621676905323e+00 -4.301239621676905323e+00 -4.301239621676905323e+00 -4.301239621676905323e+00 -4.401529798784290293e+00 -4.401529798784290293e+00 -4.401529798784290293e+00 -4.401529798784290293e+00 -4.401529798784290293e+00
-8.840903367687380499e-01 -9.381750982739274214e-01 -9.381750982739274214e-01 -9.381750982739274214e-01 -9.916174388988441279e-01 -9.916174388988441279e-01 -1.187800266973679575e+00 -1.429925004083024920e+00 -1.588954360456003245e+00 -1.684700468149100461e+00 -1.684700468149100461e+00 -1.684700468149100461e+00 -1.684700468149100461e+00 -1.684700468149100461e+00 -1.684700468149100461e+00 -1.684700468149100461e+00 -1.684700468149100461e+00 -1.684700468149100461e+00 -1.684700468149100461e+00 -1.684700468149100461e+00 -1.684700468149100461e+00 -1.868878508248222436e+00 -1.868878508248222436e+00 -1.868878508248222436e+00 -1.868878508248222436e+00 -1.948796220379265032e+00 -1.948796220379265032e+00 -1.948796220379265032e+00 -2.024029633676690310e+00 -2.024029633676690310e+00 -2.024029633676690310e+00 -2.024029633676690310e+00 -2.024029633676690310e+00 -2.024029633676690310e+00 -2.024029633676690310e+00 -2.024029633676690310e+00 -2.024029633676690310e+00 -2.024029633676690310e+00 -2.024029633676690310e+00 -2.024029633676690310e+00 -2.024029633676690310e+00 -2.024029633676690310e+00 -2.024029633676690310e+00 -2.024029633676690310e+00 -2.024029633676690310e+00 -2.024029633676690310e+00 -2.024029633676690310e+00 -2.024029633676690310e+00 -2.024029633676690310e+00 -2.024029633676690310e+00 -2.024029633676690310e+00 -2.024029633676690310e+00 -2.024029633676690310e+00 -2.024029633676690310e+00 -2.024029633676690310e+00 -2.024029633676690310e+00 -2.024029633676690310e+00 -2.024029633676690310e+00 -2.024029633676690310e+00 -2.024029633676690310e+00 -2.024029633676690310e+00 -2.087080080963273243e+00 -2.087080080963273243e+00 -2.087080080963273243e+00 -2.087080080963273243e+00 -2.087080080963273243e+00 -2.087080080963273243e+00 -2.087080080963273243e+00 -2.087080080963273243e+00 -2.087080080963273243e+00 -2.087080080963273243e+00 -2.087080080963273243e+00 -2.087080080963273243e+00 -2.087080080963273243e+00 -2.087080080963273243e+00 -2.087080080963273243e+00 -2.087080080963273243e+00 -2.087080080963273243e+00 -2.087080080963273243e+00 -2.087080080963273243e+00 -2.087080080963273243e+00 -2.087080080963273243e+00 -2.087080080963273243e+00 -2.087080080963273243e+00 -2.087080080963273243e+00 -2.087080080963273243e+00 -2.087080080963273243e+00 -2.114182149459367110e+00 -2.114182149459367110e+00 -2.114182149459367110e+00 -2.114182149459367110e+00 -2.114182149459367110e+00 -2.114182149459367110e+00 -2.114182149459367110e+00 -2.114182149459367110e+00 -2.114182149459367110e+00 -2.114182149459367110e+00 -2.114182149459367110e+00 -2.114182149459367110e+00 -2.114182149459367110e+00
1.696396064629816403e+00 1.696396064629816403e+00 1.682934403433410386e+00 1.682934403433410386e+00 1.682934403433410386e+00 1.562102820621322330e+00 1.562102820621322330e+00 1.428140672173508596e+00 1.428140672173508596e+00 1.428140672173508596e+00 1.428140672173508596e+00 1.418703619473390187e+00 1.418703619473390187e+00 1.418703619473390187e+00 1.418703619473390187e+00 1.418703619473390187e+00 1.418703619473390187e+00 1.418703619473390187e+00 1.418703619473390187e+00 1.418703619473390187e+00 1.418703619473390187e+00 1.418703619473390187e+00 1.418703619473390187e+00 1.418703619473390187e+00 1.418703619473390187e+00 1.418703619473390187e+00 1.175521944481507930e+00 2.207544565979080997e-01 2.207544565979080997e-01 2.207544565979080997e-01 2.207544565979080997e-01 -1.122938849637488357e+00 -1.122938849637488357e+00 -1.122938849637488357e+00 -1.122938849637488357e+00 -1.122938849637488357e+00 -1.122938849637488357e+00 -1.122938849637488357e+00 -1.122938849637488357e+00 -1.122938849637488357e+00 -1.122938849637488357e+00 -1.122938849637488357e+00 -1.122938849637488357e+00 -1.122938849637488357e+00 -1.140612214771157706e+00 -1.140612214771157706e+00 -1.140612214771157706e+00 -1.140612214771157706e+00 -1.485025694088412118e+00 -1.485025694088412118e+00 -1.485025694088412118e+00 -1.485025694088412118e+00 -1.485025694088412118e+00 -1.492300314283268481e+00 -1.492300314283268481e+00 -1.546993469434139401e+00 -1.607359170202611320e+00 -1.607359170202611320e+00 -1.607359170202611320e+00 -1.607359170202611320e+00 -1.607359170202611320e+00 -1.607359170202611320e+00 -1.607359170202611320e+00 -1.607359170202611320e+00 -1.607359170202611320e+00 -1.607359170202611320e+00 -1.607359170202611320e+00 -1.607359170202611320e+00 -1.607359170202611320e+00 -1.607359170202611320e+00 -1.709013314013015483e+00 -1.709013314013015483e+00 -1.709013314013015483e+00 -1.709013314013015483e+00 -1.709013314013015483e+00 -1.709013314013015483e+00 -1.709013314013015483e+00 -1.709013314013015483e+00 -1.826433537209172453e+00 -1.826433537209172453e+00 -1.826433537209172453e+00 -1.826433537209172453e+00 -1.826433537209172453e+00 -1.826433537209172453e+00 -1.826433537209172453e+00 -1.826433537209172453e+00 -1.826433537209172453e+00 -1.826433537209172453e+00 -1.826433537209172453e+00 -1.826433537209172453e+00 -1.826433537209172453e+00 -1.826433537209172453e+00 -1.826433537209172453e+00 -1.826433537209172453e+00 -1.826433537209172453e+00 -1.826433537209172453e+00 -1.972369125716173066e+00 -1.972369125716173066e+00 -1.972369125716173066e+00 -1.972369125716173066e+00
7.708100209111440337e-01 -2.740614324656529543e-01 -4.298570614829239633e-01 -4.298570614829239633e-01 -4.852996180656946601e-01 -5.490931901846687335e-01 -5.490931901846687335e-01 -5.490931901846687335e-01 -5.490931901846687335e-01 -5.490931901846687335e-01 -5.490931901846687335e-01 -5.490931901846687335e-01 -5.490931901846687335e-01 -5.490931901846687335e-01 -5.490931901846687335e-01 -5.490931901846687335e-01 -7.122577331031784142e-01 -7.122577331031784142e-01 -7.122577331031784142e-01 -7.122577331031784142e-01 -7.763710664563407970e-01 -8.710267731310448180e-01 -8.710267731310448180e-01 -8.710267731310448180e-01 -8.710267731310448180e-01 -8.710267731310448180e-01 -8.710267731310448180e-01 -8.710267731310448180e-01 -8.710267731310448180e-01 -1.018203006528173749e+00 -1.018203006528173749e+00 -1.018203006528173749e+00 -1.018203006528173749e+00 -1.018203006528173749e+00 -1.018203006528173749e+00 -1.018203006528173749e+00 -1.018203006528173749e+00 -1.018203006528173749e+00 -1.018203006528173749e+00 -1.018203006528173749e+00 -1.018203006528173749e+00 -1.018203006528173749e+00 -1.018203006528173749e+00 -1.018203006528173749e+00 -1.018203006528173749e+00 -1.018203006528173749e+00 -1.018203006528173749e+00 -1.018203006528173749e+00 -1.018203006528173749e+00 -1.018203006528173749e+00 -1.018203006528173749e+00 -1.291274785599860753e+00 -1.291274785599860753e+00 -1.291274785599860753e+00 -1.291274785599860753e+00 -1.291274785599860753e+00 -1.291274785599860753e+00 -1.291274785599860753e+00 -1.291274785599860753e+00 -1.291274785599860753e+00 -1.291274785599860753e+00 -1.291274785599860753e+00 -1.291274785599860753e+00 -1.291274785599860753e+00 -1.291274785599860753e+00 -1.291274785599860753e+00 -1.291274785599860753e+00 -1.291274785599860753e+00 -1.291274785599860753e+00 -1.291274785599860753e+00 -1.291274785599860753e+00 -1.291274785599860753e+00 -1.291274785599860753e+00 -1.291274785599860753e+00 -1.291274785599860753e+00 -1.291274785599860753e+00 -1.291274785599860753e+00 -1.291274785599860753e+00 -1.291274785599860753e+00 -1.291274785599860753e+00 -1.291274785599860753e+00 -1.291274785599860753e+00 -1.291274785599860753e+00 -1.291274785599860753e+00 -1.291274785599860753e+00 -1.291274785599860753e+00 -1.291274785599860753e+00 -1.291274785599860753e+00 -1.291274785599860753e+00 -1.291274785599860753e+00 -1.291274785599860753e+00 -1.291274785599860753e+00 -1.291274785599860753e+00 -1.308889494828790356e+00 -1.308889494828790356e+00 -1.308889494828790356e+00 -1.308889494828790356e+00 -1.308889494828790356e+00 -1.308889494828790356e+00 -1.308889494828790356e+00
-8.552309511158924238e-01 -1.275897119292275894e+00 -1.275897119292275894e+00 -1.275897119292275894e+00 -1.304711906416895939e+00 -1.304711906416895939e+00 -1.304711906416895939e+00 -1.797250392691786880e+00 -1.975619516924032926e+00 -1.975619516924032926e+00 -1.975619516924032926e+00 -1.975619516924032926e+00 -1.975619516924032926e+00 -3.092017058710710753e+00 -3.092017058710710753e+00 -3.092017058710710753e+00 -3.092017058710710753e+00 -3.259605005545944234e+00 -3.259605005545944234e+00 -3.259605005545944234e+00 -3.259605005545944234e+00 -3.259605005545944234e+00 -3.259605005545944234e+00 -3.259605005545944234e+00 -3.259605005545944234e+00 -3.259605005545944234e+00 -3.259605005545944234e+00 -3.270604467673199789e+00 -3.270604467673199789e+00 -3.270604467673199789e+00 -3.270604467673199789e+00 -3.270604467673199789e+00 -3.270604467673199789e+00 -3.270604467673199789e+00 -3.270604467673199789e+00 -3.270604467673199789e+00 -3.270604467673199789e+00 -3.270604467673199789e+00 -3.278586651748268466e+00 -3.278586651748268466e+00 -3.278586651748268466e+00 -3.278586651748268466e+00 -3.278586651748268466e+00 -3.278586651748268466e+00 -3.278586651748268466e+00 -3.278586651748268466e+00 -3.278586651748268466e+00 -3.278586651748268466e+00 -3.278586651748268466e+00 -3.278586651748268466e+00 -3.278586651748268466e+00 -3.278586651748268466e+00 -3.278586651748268466e+00 -3.562286605784262150e+00 -3.562286605784262150e+00 -3.802859578081314140e+00 -3.802859578081314140e+00 -3.802859578081314140e+00 -3.802859578081314140e+00 -3.802859578081314140e+00 -3.802859578081314140e+00 -3.802859578081314140e+00 -3.802859578081314140e+00 -3.802859578081314140e+00 -3.802859578081314140e+00 -3.802859578081314140e+00 -3.802859578081314140e+00 -3.802859578081314140e+00 -3.802859578081314140e+00 -3.802859578081314140e+00 -3.802859578081314140e+00 -3.802859578081314140e+00 -3.802859578081314140e+00 -3.802859578081314140e+00 -3.802859578081314140e+00 -3.802859578081314140e+00 -3.802859578081314140e+00 -3.802859578081314140e+00 -3.802859578081314140e+00 -3.802859578081314140e+00 -3.802859578081314140e+00 -3.802859578081314140e+00 -3.802859578081314140e+00 -3.802859578081314140e+00 -3.802859578081314140e+00 -3.802859578081314140e+00 -3.802859578081314140e+00 -3.802859578081314140e+00 -3.802859578081314140e+00 -3.802859578081314140e+00 -3.802859578081314140e+00 -3.802859578081314140e+00 -3.802859578081314140e+00 -3.802859578081314140e+00 -3.802859578081314140e+00 -3.802859578081314140e+00 -3.802859578081314140e+00 -3.802859578081314140e+00 -3.802859578081314140e+00 -3.802859578081314140e+00
7.776747130543805175e-01 7.776747130543805175e-01 7.776747130543805175e-01 7.776747130543805175e-01 7.776747130543805175e-01 7.776747130543805175e-01 7.776747130543805175e-01 7.776747130543805175e-01 7.776747130543805175e-01 7.776747130543805175e-01 7.776747130543805175e-01 7.776747130543805175e-01 7.776747130543805175e-01 7.776747130543805175e-01 7.776747130543805175e-01 7.776747130543805175e-01 7.776747130543805175e-01 7.776747130543805175e-01 7.776747130543805175e-01 7.776747130543805175e-01 7.776747130543805175e-01 7.776747130543805175e-01 7.776747130543805175e-01 7.776747130543805175e-01 7.776747130543805175e-01 7.776747130543805175e-01 7.776747130543805175e-01 7.776747130543805175e-01 7.776747130543805175e-01 7.776747130543805175e-01 7.776747130543805175e-01 7.776747130543805175e-01 7.776747130543805175e-01 7.776747130543805175e-01 7.776747130543805175e-01 7.776747130543805175e-01 7.776747130543805175e-01 7.776747130543805175e-01 7.776747130543805175e-01 7.776747130543805175e-01 7.776747130543805175e-01 7.776747130543805175e-01 7.776747130543805175e-01 7.776747130543805175e-01 7.776747130543805175e-01 7.776747130543805175e-01 7.776747130543805175e-01 7.776747130543805175e-01 7.776747130543805175e-01 7.776747130543805175e-01 7.776747130543805175e-01 7.776747130543805175e-01 7.776747130543805175e-01 7.776747130543805175e-01 7.776747130543805175e-01 7.776747130543805175e-01 7.776747130543805175e-01 7.776747130543805175e-01 7.776747130543805175e-01 7.776747130543805175e-01 7.776747130543805175e-01 7.776747130543805175e-01 7.776747130543805175e-01 7.776747130543805175e-01 7.776747130543805175e-01 7.776747130543805175e-01 7.776747130543805175e-01 7.776747130543805175e-01 7.776747130543805175e-01 7.776747130543805175e-01 7.776747130543805175e-01 7.776747130543805175e-01 7.776747130543805175e-01 7.590371232373632759e-01 7.590371232373632759e-01 7.590371232373632759e-01 7.590371232373632759e-01 7.590371232373632759e-01 7.590371232373632759e-01 7.590371232373632759e-01 7.590371232373632759e-01 7.590371232373632759e-01 7.341413872425649467e-01 7.341413872425649467e-01 7.341413872425649467e-01 7.341413872425649467e-01 7.341413872425649467e-01 7.341413872425649467e-01 7.341413872425649467e-01 7.341413872425649467e-01 7.341413872425649467e-01 6.585280777168598387e-01 6.196615784853914954e-01 6.196615784853914954e-01 6.196615784853914954e-01 6.196615784853914954e-01 6.196615784853914954e-01 6.196615784853914954e-01 6.196615784853914954e-01 6.196615784853914954e-01
-1.005276722335048500e+00 -1.837174719072246498e+00 -1.837174719072246498e+00 -1.837174719072246498e+00 -1.837174719072246498e+00 -1.837174719072246498e+00 -1.837174719072246498e+00 -1.837174719072246498e+00 -1.837174719072246498e+00 -1.837174719072246498e+00 -1.837174719072246498e+00 -1.837174719072246498e+00 -1.837174719072246498e+00 -2.009906550005124970e+00 -2.009906550005124970e+00 -2.009906550005124970e+00 -2.009906550005124970e+00 -2.009906550005124970e+00 -2.009906550005124970e+00 -2.009906550005124970e+00 -2.009906550005124970e+00 -2.009906550005124970e+00 -2.009906550005124970e+00 -2.009906550005124970e+00 -2.009906550005124970e+00 -2.009906550005124970e+00 -2.009906550005124970e+00 -2.009906550005124970e+00 -2.009906550005124970e+00 -2.139035209588417086e+00 -2.766309650819622767e+00 -2.771218271449784609e+00 -2.922636526601727347e+00 -2.922636526601727347e+00 -2.922636526601727347e+00 -2.922636526601727347e+00 -2.922636526601727347e+00 -2.922636526601727347e+00 -2.922636526601727347e+00 -2.922636526601727347e+00 -3.155761629038037253e+00 -3.234861370556716853e+00 -3.234861370556716853e+00 -3.234861370556716853e+00 -3.234861370556716853e+00 -3.234861370556716853e+00 -3.234861370556716853e+00 -3.234861370556716853e+00 -3.234861370556716853e+00 -3.234861370556716853e+00 -3.281448878432307481e+00 -3.281448878432307481e+00 -3.281448878432307481e+00 -3.281448878432307481e+00 -3.281448878432307481e+00 -3.281448878432307481e+00 -3.281448878432307481e+00 -3.281448878432307481e+00 -3.281448878432307481e+00 -3.379297160878482753e+00 -3.379297160878482753e+00 -3.383806510904668663e+00 -3.383806510904668663e+00 -3.383806510904668663e+00 -3.383806510904668663e+00 -3.383806510904668663e+00 -3.383806510904668663e+00 -3.383806510904668663e+00 -3.383806510904668663e+00 -3.383806510904668663e+00 -3.383806510904668663e+00 -3.383806510904668663e+00 -3.383806510904668663e+00 -3.383806510904668663e+00 -3.383806510904668663e+00 -3.383806510904668663e+00 -3.383806510904668663e+00 -3.383806510904668663e+00 -3.383806510904668663e+00 -3.383806510904668663e+00 -3.383806510904668663e+00 -3.383806510904668663e+00 -3.383806510904668663e+00 -3.383806510904668663e+00 -3.383806510904668663e+00 -3.383806510904668663e+00 -3.383806510904668663e+00 -3.383806510904668663e+00 -3.383806510904668663e+00 -3.383806510904668663e+00 -3.383806510904668663e+00 -3.383806510904668663e+00 -3.383806510904668663e+00 -3.383806510904668663e+00 -3.383806510904668663e+00 -3.383806510904668663e+00 -3.383806510904668663e+00 -3.383806510904668663e+00 -3.394710316758923874e+00 -3.394710316758923874e+00
-1.246558980010650686e+00 -1.246558980010650686e+00 -1.246558980010650686e+00 -1.246558980010650686e+00 -1.246558980010650686e+00 -1.246558980010650686e+00 -1.246558980010650686e+00 -1.246558980010650686e+00 -1.246558980010650686e+00 -1.246558980010650686e+00 -1.246558980010650686e+00 -1.246558980010650686e+00 -1.246558980010650686e+00 -1.246558980010650686e+00 -1.246558980010650686e+00 -1.246558980010650686e+00 -1.246558980010650686e+00 -1.246558980010650686e+00 -1.246558980010650686e+00 -1.246558980010650686e+00 -1.246558980010650686e+00 -1.246558980010650686e+00 -1.246558980010650686e+00 -1.246558980010650686e+00 -1.246558980010650686e+00 -1.509994197397281246e+00 -1.509994197397281246e+00 -1.509994197397281246e+00 -1.509994197397281246e+00 -1.509994197397281246e+00 -1.509994197397281246e+00 -1.509994197397281246e+00 -1.509994197397281246e+00 -1.509994197397281246e+00 -1.509994197397281246e+00 -1.509994197397281246e+00 -1.509994197397281246e+00 -1.509994197397281246e+00 -1.509994197397281246e+00 -1.509994197397281246e+00 -1.509994197397281246e+00 -1.509994197397281246e+00 -1.509994197397281246e+00 -1.509994197397281246e+00 -1.509994197397281246e+00 -1.509994197397281246e+00 -1.509994197397281246e+00 -1.509994197397281246e+00 -1.509994197397281246e+00 -1.509994197397281246e+00 -1.509994197397281246e+00 -1.509994197397281246e+00 -1.509994197397281246e+00 -1.509994197397281246e+00 -1.509994197397281246e+00 -1.509994197397281246e+00 -1.509994197397281246e+00 -1.509994197397281246e+00 -1.509994197397281246e+00 -1.509994197397281246e+00 -1.509994197397281246e+00 -1.769720007683612817e+00 -1.769720007683612817e+00 -1.921910102630602024e+00 -1.921910102630602024e+00 -1.921910102630602024e+00 -1.921910102630602024e+00 -1.921910102630602024e+00 -1.921910102630602024e+00 -2.294295274233122850e+00 -2.294295274233122850e+00 -2.294295274233122850e+00 -2.294295274233122850e+00 -2.294295274233122850e+00 -2.294295274233122850e+00 -2.294295274233122850e+00 -2.294295274233122850e+00 -2.294295274233122850e+00 -2.294295274233122850e+00 -2.294295274233122850e+00 -2.294295274233122850e+00 -2.294295274233122850e+00 -2.294295274233122850e+00 -2.294295274233122850e+00 -2.294295274233122850e+00 -2.294295274233122850e+00 -2.294295274233122850e+00 -2.294295274233122850e+00 -2.294295274233122850e+00 -2.294295274233122850e+00 -2.294295274233122850e+00 -2.294295274233122850e+00 -2.294295274233122850e+00 -2.294295274233122850e+00 -2.294295274233122850e+00 -2.294295274233122850e+00 -2.294295274233122850e+00 -2.294295274233122850e+00 -2.294295274233122850e+00 -2.294295274233122850e+00
9.577415204402173199e-01 9.134252754985601186e-01 8.481340593210729972e-01 8.481340593210729972e-01 8.481340593210729972e-01 8.481340593210729972e-01 8.192516427967929671e-01 9.087349998834710896e-02 9.087349998834710896e-02 9.087349998834710896e-02 9.087349998834710896e-02 9.087349998834710896e-02 9.087349998834710896e-02 9.087349998834710896e-02 2.087046385947815760e-03 2.087046385947815760e-03 2.087046385947815760e-03 -2.596196795283460257e-01 -2.596196795283460257e-01 -2.596196795283460257e-01 -2.596196795283460257e-01 -2.596196795283460257e-01 -2.596196795283460257e-01 -2.596196795283460257e-01 -2.596196795283460257e-01 -2.596196795283460257e-01 -2.596196795283460257e-01 -2.596196795283460257e-01 -2.596196795283460257e-01 -2.596196795283460257e-01 -5.102517656115485023e-01 -5.102517656115485023e-01 -5.102517656115485023e-01 -5.102517656115485023e-01 -5.102517656115485023e-01 -5.102517656115485023e-01 -5.102517656115485023e-01 -5.102517656115485023e-01 -5.102517656115485023e-01 -5.102517656115485023e-01 -5.102517656115485023e-01 -5.102517656115485023e-01 -5.102517656115485023e-01 -5.102517656115485023e-01 -5.102517656115485023e-01 -5.102517656115485023e-01 -5.102517656115485023e-01 -5.102517656115485023e-01 -5.102517656115485023e-01 -5.102517656115485023e-01 -5.102517656115485023e-01 -5.102517656115485023e-01 -5.102517656115485023e-01 -5.102517656115485023e-01 -5.102517656115485023e-01 -5.647067446675344549e-01 -5.647067446675344549e-01 -5.647067446675344549e-01 -1.148312677742810095e+00 -1.148312677742810095e+00 -1.148312677742810095e+00 -1.148312677742810095e+00 -1.148312677742810095e+00 -1.148312677742810095e+00 -1.148312677742810095e+00 -1.148312677742810095e+00 -1.148312677742810095e+00 -1.148312677742810095e+00 -1.148312677742810095e+00 -1.148312677742810095e+00 -1.148312677742810095e+00 -1.148312677742810095e+00 -1.148312677742810095e+00 -1.148312677742810095e+00 -1.148312677742810095e+00 -1.148312677742810095e+00 -1.148312677742810095e+00 -1.148312677742810095e+00 -1.148312677742810095e+00 -1.148312677742810095e+00 -1.148312677742810095e+00 -1.148312677742810095e+00 -1.148312677742810095e+00 -1.148312677742810095e+00 -1.148312677742810095e+00 -1.148312677742810095e+00 -1.148312677742810095e+00 -1.148312677742810095e+00 -1.148312677742810095e+00 -1.148312677742810095e+00 -1.148312677742810095e+00 -1.148312677742810095e+00 -1.148312677742810095e+00 -1.148312677742810095e+00 -1.148312677742810095e+00 -1.148312677742810095e+00 -1.148312677742810095e+00 -1.148312677742810095e+00 -1.148312677742810095e+00 -1.148312677742810095e+00
-1.545132351235706247e-01 -1.545132351235706247e-01 -1.545132351235706247e-01 -3.476985507343128279e-01 -3.476985507343128279e-01 -3.501778610303984962e-01 -8.427226042982243204e-01 -8.588602981888470156e-01 -8.588602981888470156e-01 -8.588602981888470156e-01 -8.588602981888470156e-01 -8.588602981888470156e-01 -1.011899888787178625e+00 -1.011899888787178625e+00 -1.011899888787178625e+00 -1.011899888787178625e+00 -1.011899888787178625e+00 -1.011899888787178625e+00 -1.011899888787178625e+00 -1.011899888787178625e+00 -1.011899888787178625e+00 -1.011899888787178625e+00 -1.011899888787178625e+00 -1.011899888787178625e+00 -1.011899888787178625e+00 -1.011899888787178625e+00 -1.011899888787178625e+00 -1.011899888787178625e+00 -1.011899888787178625e+00 -1.011899888787178625e+00 -1.011899888787178625e+00 -1.011899888787178625e+00 -1.011899888787178625e+00 -1.011899888787178625e+00 -1.011899888787178625e+00 -1.011899888787178625e+00 -1.011899888787178625e+00 -1.011899888787178625e+00 -1.011899888787178625e+00 -1.011899888787178625e+00 -1.011899888787178625e+00 -1.011899888787178625e+00 -1.011899888787178625e+00 -1.011899888787178625e+00 -1.011899888787178625e+00 -1.011899888787178625e+00 -1.011899888787178625e+00 -1.011899888787178625e+00 -1.011899888787178625e+00 -1.011899888787178625e+00 -1.011899888787178625e+00 -1.011899888787178625e+00 -1.011899888787178625e+00 -1.078455485752124909e+00 -1.078455485752124909e+00 -1.078455485752124909e+00 -1.078455485752124909e+00 -1.078455485752124909e+00 -1.078455485752124909e+00 -1.078455485752124909e+00 -1.078455485752124909e+00 -1.078455485752124909e+00 -1.081750352598185527e+00 -1.081750352598185527e+00 -1.081750352598185527e+00 -1.081750352598185527e+00 -1.081750352598185527e+00 -1.081750352598185527e+00 -1.081750352598185527e+00 -1.081750352598185527e+00 -1.081750352598185527e+00 -1.081750352598185527e+00 -1.081750352598185527e+00 -1.081750352598185527e+00 -1.081750352598185527e+00 -1.081750352598185527e+00 -1.081750352598185527e+00 -1.081750352598185527e+00 -1.081750352598185527e+00 -1.081750352598185527e+00 -1.081750352598185527e+00 -1.081750352598185527e+00 -1.081750352598185527e+00 -1.081750352598185527e+00 -1.081750352598185527e+00 -1.081750352598185527e+00 -1.081750352598185527e+00 -1.081750352598185527e+00 -1.081750352598185527e+00 -1.081750352598185527e+00 -1.081750352598185527e+00 -1.081750352598185527e+00 -1.081750352598185527e+00 -1.081750352598185527e+00 -1.081750352598185527e+00 -1.081750352598185527e+00 -1.081750352598185527e+00 -1.081750352598185527e+00 -1.081750352598185527e+00 -1.081750352598185527e+00
-1.315996860124021062e+00 -1.315996860124021062e+00 -1.315996860124021062e+00 -1.315996860124021062e+00 -1.315996860124021062e+00 -1.363369828257751326e+00 -1.363369828257751326e+00 -1.363369828257751326e+00 -1.363369828257751326e+00 -1.650424189204876990e+00 -1.650424189204876990e+00 -1.978562105050719833e+00 -1.978562105050719833e+00 -1.978562105050719833e+00 -1.978562105050719833e+00 -1.978562105050719833e+00 -1.978562105050719833e+00 -1.978562105050719833e+00 -1.978562105050719833e+00 -2.708181692370637883e+00 -2.708181692370637883e+00 -2.708181692370637883e+00 -2.708181692370637883e+00 -2.708181692370637883e+00 -2.708181692370637883e+00 -2.708181692370637883e+00 -2.708181692370637883e+00 -2.708181692370637883e+00 -2.708181692370637883e+00 -2.708181692370637883e+00 -2.708181692370637883e+00 -2.708181692370637883e+00 -2.708181692370637883e+00 -2.708181692370637883e+00 -2.708181692370637883e+00 -2.708181692370637883e+00 -2.708181692370637883e+00 -2.708181692370637883e+00 -2.708181692370637883e+00 -2.708181692370637883e+00 -2.708181692370637883e+00 -2.708181692370637883e+00 -2.708181692370637883e+00 -2.708181692370637883e+00 -2.708181692370637883e+00 -2.708181692370637883e+00 -2.708181692370637883e+00 -2.708181692370637883e+00 -2.708181692370637883e+00 -2.708181692370637883e+00 -2.708181692370637883e+00 -2.708181692370637883e+00 -2.708181692370637883e+00 -2.708181692370637883e+00 -2.708181692370637883e+00 -2.708181692370637883e+00 -2.708181692370637883e+00 -2.708181692370637883e+00 -2.708181692370637883e+00 -2.708181692370637883e+00 -2.708181692370637883e+00 -2.708181692370637883e+00 -2.708181692370637883e+00 -2.708181692370637883e+00 -2.708181692370637883e+00 -2.708181692370637883e+00 -2.708181692370637883e+00 -2.708181692370637883e+00 -2.708181692370637883e+00 -2.708181692370637883e+00 -2.708181692370637883e+00 -2.708181692370637883e+00 -2.708181692370637883e+00 -3.176269103854051590e+00 -3.176269103854051590e+00 -3.481189160323646892e+00 -3.481189160323646892e+00 -3.481189160323646892e+00 -3.572570478538448668e+00 -3.572570478538448668e+00 -3.572570478538448668e+00 -3.572570478538448668e+00 -3.572570478538448668e+00 -3.572570478538448668e+00 -3.572570478538448668e+00 -3.572570478538448668e+00 -3.655767317640422398e+00 -3.655767317640422398e+00 -3.655767317640422398e+00 -3.655767317640422398e+00 -3.655767317640422398e+00 -3.655767317640422398e+00 -3.655767317640422398e+00 -3.655767317640422398e+00 -3.655767317640422398e+00 -3.655767317640422398e+00 -3.655767317640422398e+00 -3.655767317640422398e+00 -3.655767317640422398e+00 -3.655767317640422398e+00
9.628080314439790843e-02 9.628080314439790843e-02 9.628080314439790843e-02 7.840933030158492301e-02 7.840933030158492301e-02 5.187487557404425742e-02 5.187487557404425742e-02 5.187487557404425742e-02 5.187487557404425742e-02 5.187487557404425742e-02 -2.180579264720886902e-03 -2.180579264720886902e-03 -2.180579264720886902e-03 -2.180579264720886902e-03 -2.180579264720886902e-03 -2.180579264720886902e-03 -2.180579264720886902e-03 -2.180579264720886902e-03 -2.180579264720886902e-03 -2.180579264720886902e-03 -2.180579264720886902e-03 -7.599082590253591896e-02 -7.599082590253591896e-02 -7.599082590253591896e-02 -8.003087754861194780e-02 -8.003087754861194780e-02 -8.003087754861194780e-02 -1.276888019681876596e-01 -8.120241029848088710e-01 -8.120241029848088710e-01 -8.287693717633529689e-01 -8.287693717633529689e-01 -1.246205813470873780e+00 -1.246205813470873780e+00 -1.474171316335439075e+00 -1.774656009099067955e+00 -1.774656009099067955e+00 -2.094145235751482925e+00 -2.094145235751482925e+00 -2.094145235751482925e+00 -2.094145235751482925e+00 -2.094145235751482925e+00 -2.094145235751482925e+00 -2.094145235751482925e+00 -2.094145235751482925e+00 -2.094145235751482925e+00 -2.094145235751482925e+00 -2.094145235751482925e+00 -2.094145235751482925e+00 -2.094145235751482925e+00 -2.094145235751482925e+00 -2.094145235751482925e+00 -2.094145235751482925e+00 -2.094145235751482925e+00 -2.094145235751482925e+00 -2.094145235751482925e+00 -2.094145235751482925e+00 -2.094145235751482925e+00 -2.094145235751482925e+00 -2.284177464277638681e+00 -2.284177464277638681e+00 -2.284177464277638681e+00 -2.284177464277638681e+00 -2.284177464277638681e+00 -2.284177464277638681e+00 -2.284177464277638681e+00 -2.284177464277638681e+00 -2.284177464277638681e+00 -2.284177464277638681e+00 -2.284177464277638681e+00 -2.284177464277638681e+00 -2.284177464277638681e+00 -2.284177464277638681e+00 -2.284177464277638681e+00 -2.284177464277638681e+00 -2.284177464277638681e+00 -2.284177464277638681e+00 -2.284223207797623445e+00 -2.284223207797623445e+00 -2.284223207797623445e+00 -2.284223207797623445e+00 -2.284223207797623445e+00 -2.284223207797623445e+00 -2.284223207797623445e+00 -2.284223207797623445e+00 -2.284223207797623445e+00 -2.284223207797623445e+00 -2.284223207797623445e+00 -2.284223207797623445e+00 -2.284223207797623445e+00 -2.284223207797623445e+00 -2.284223207797623445e+00 -2.284223207797623445e+00 -2.284223207797623445e+00 -2.284223207797623445e+00 -2.284223207797623445e+00 -2.284223207797623445e+00 -2.284223207797623445e+00 -2.284223207797623445e+00 -2.284223207797623445e+00
5.942994687006740717e-01 5.942994687006740717e-01 5.942994687006740717e-01 5.942994687006740717e-01 5.942994687006740717e-01 5.092117910182236695e-01 4.326943859579538421e-01 4.326943859579538421e-01 4.326943859579538421e-01 3.110021049229376722e-01 3.110021049229376722e-01 -4.627787328631517982e-01 -4.627787328631517982e-01 -4.627787328631517982e-01 -4.627787328631517982e-01 -4.627787328631517982e-01 -4.627787328631517982e-01 -4.627787328631517982e-01 -4.627787328631517982e-01 -4.627787328631517982e-01 -4.627787328631517982e-01 -4.627787328631517982e-01 -5.438988613721917886e-01 -5.438988613721917886e-01 -5.438988613721917886e-01 -5.438988613721917886e-01 -5.438988613721917886e-01 -5.438988613721917886e-01 -5.438988613721917886e-01 -5.438988613721917886e-01 -5.438988613721917886e-01 -5.438988613721917886e-01 -5.438988613721917886e-01 -5.438988613721917886e-01 -5.438988613721917886e-01 -5.438988613721917886e-01 -5.438988613721917886e-01 -5.438988613721917886e-01 -5.438988613721917886e-01 -5.438988613721917886e-01 -5.438988613721917886e-01 -5.438988613721917886e-01 -5.438988613721917886e-01 -6.299543687919805235e-01 -6.299543687919805235e-01 -6.299543687919805235e-01 -6.299543687919805235e-01 -6.299543687919805235e-01 -6.299543687919805235e-01 -6.299543687919805235e-01 -6.299543687919805235e-01 -6.299543687919805235e-01 -6.299543687919805235e-01 -6.299543687919805235e-01 -6.299543687919805235e-01 -6.299543687919805235e-01 -6.299543687919805235e-01 -6.299543687919805235e-01 -6.299543687919805235e-01 -6.299543687919805235e-01 -6.299543687919805235e-01 -6.299543687919805235e-01 -7.879974972939136624e-01 -7.879974972939136624e-01 -7.879974972939136624e-01 -7.879974972939136624e-01 -7.879974972939136624e-01 -7.879974972939136624e-01 -7.879974972939136624e-01 -7.879974972939136624e-01 -7.879974972939136624e-01 -7.879974972939136624e-01 -7.879974972939136624e-01 -7.879974972939136624e-01 -7.879974972939136624e-01 -7.879974972939136624e-01 -7.879974972939136624e-01 -7.879974972939136624e-01 -7.879974972939136624e-01 -7.879974972939136624e-01 -7.879974972939136624e-01 -7.879974972939136624e-01 -8.271322537540743980e-01 -8.271322537540743980e-01 -8.271322537540743980e-01 -8.271322537540743980e-01 -8.271322537540743980e-01 -8.271322537540743980e-01 -8.271322537540743980e-01 -1.073034879263911945e+00 -1.073034879263911945e+00 -1.073034879263911945e+00 -1.073034879263911945e+00 -1.073034879263911945e+00 -1.073034879263911945e+00 -1.073034879263911945e+00 -1.073034879263911945e+00 -1.073034879263911945e+00 -1.073034879263911945e+00 -1.253882246459976590e+00
1.063027155595090978e+00 1.063027155595090978e+00 9.026427027840212558e-01 9.026427027840212558e-01 5.127673914678593237e-01 -3.990321590274567010e-01 -3.990321590274567010e-01 -3.990321590274567010e-01 -3.990321590274567010e-01 -3.990321590274567010e-01 -3.990321590274567010e-01 -3.990321590274567010e-01 -5.041619269360673172e-01 -5.041619269360673172e-01 -5.041619269360673172e-01 -5.041619269360673172e-01 -5.041619269360673172e-01 -5.041619269360673172e-01 -5.041619269360673172e-01 -5.041619269360673172e-01 -5.041619269360673172e-01 -5.041619269360673172e-01 -5.041619269360673172e-01 -5.041619269360673172e-01 -5.041619269360673172e-01 -5.041619269360673172e-01 -5.041619269360673172e-01 -5.041619269360673172e-01 -5.041619269360673172e-01 -5.041619269360673172e-01 -5.041619269360673172e-01 -5.041619269360673172e-01 -5.041619269360673172e-01 -5.730513481827512745e-01 -5.730513481827512745e-01 -5.730513481827512745e-01 -5.730513481827512745e-01 -5.730513481827512745e-01 -5.730513481827512745e-01 -5.730513481827512745e-01 -5.730513481827512745e-01 -5.730513481827512745e-01 -5.730513481827512745e-01 -5.730513481827512745e-01 -5.730513481827512745e-01 -5.730513481827512745e-01 -5.730513481827512745e-01 -5.730513481827512745e-01 -5.730513481827512745e-01 -5.730513481827512745e-01 -5.730513481827512745e-01 -5.730513481827512745e-01 -5.730513481827512745e-01 -5.730513481827512745e-01 -5.730513481827512745e-01 -5.730513481827512745e-01 -5.730513481827512745e-01 -5.730513481827512745e-01 -5.730513481827512745e-01 -5.730513481827512745e-01 -5.730513481827512745e-01 -5.730513481827512745e-01 -5.730513481827512745e-01 -5.730513481827512745e-01 -5.730513481827512745e-01 -5.730513481827512745e-01 -5.730513481827512745e-01 -5.730513481827512745e-01 -5.730513481827512745e-01 -5.730513481827512745e-01 -5.730513481827512745e-01 -5.730513481827512745e-01 -9.717429214415038707e-01 -9.717429214415038707e-01 -9.717429214415038707e-01 -9.717429214415038707e-01 -9.717429214415038707e-01 -9.717429214415038707e-01 -9.717429214415038707e-01 -9.717429214415038707e-01 -9.717429214415038707e-01 -1.129515736777890300e+00 -1.129515736777890300e+00 -1.129515736777890300e+00 -1.480190116373821585e+00 -1.480190116373821585e+00 -1.480190116373821585e+00 -1.480190116373821585e+00 -1.632490030036851669e+00 -1.632490030036851669e+00 -1.632490030036851669e+00 -1.632490030036851669e+00 -1.858841643347979744e+00 -1.858841643347979744e+00 -1.858841643347979744e+00 -1.858841643347979744e+00 -1.858841643347979744e+00 -1.858841643347979744e+00 -1.858841643347979744e+00 -1.858841643347979744e+00
3.021585379714606945e-01 3.021585379714606945e-01 3.021585379714606945e-01 3.021585379714606945e-01 3.021585379714606945e-01 3.021585379714606945e-01 3.021585379714606945e-01 3.021585379714606945e-01 3.021585379714606945e-01 2.392524886150602936e-01 2.392524886150602936e-01 -5.891525520469340083e-02 -5.891525520469340083e-02 -2.568856020091404568e-01 -2.568856020091404568e-01 -2.568856020091404568e-01 -2.568856020091404568e-01 -2.568856020091404568e-01 -2.568856020091404568e-01 -2.568856020091404568e-01 -2.568856020091404568e-01 -2.633566844109002103e-01 -2.633566844109002103e-01 -2.633566844109002103e-01 -2.633566844109002103e-01 -2.633566844109002103e-01 -2.953489159543286613e-01 -2.953489159543286613e-01 -2.953489159543286613e-01 -2.953489159543286613e-01 -2.953489159543286613e-01 -2.953489159543286613e-01 -2.953489159543286613e-01 -2.953489159543286613e-01 -2.953489159543286613e-01 -2.953489159543286613e-01 -2.953489159543286613e-01 -2.953489159543286613e-01 -2.953489159543286613e-01 -2.953489159543286613e-01 -2.953489159543286613e-01 -2.953489159543286613e-01 -2.953489159543286613e-01 -2.953489159543286613e-01 -2.953489159543286613e-01 -2.953489159543286613e-01 -2.953489159543286613e-01 -2.963028877715442322e-01 -3.148806577574574384e-01 -3.950080852648748531e-01 -3.950080852648748531e-01 -3.950080852648748531e-01 -5.110998491328990756e-01 -5.110998491328990756e-01 -8.437011466949132510e-01 -8.437011466949132510e-01 -8.437011466949132510e-01 -8.437011466949132510e-01 -8.437011466949132510e-01 -8.437011466949132510e-01 -8.437011466949132510e-01 -8.437011466949132510e-01 -8.437011466949132510e-01 -8.437011466949132510e-01 -8.437011466949132510e-01 -8.437011466949132510e-01 -8.437011466949132510e-01 -8.437011466949132510e-01 -8.437011466949132510e-01 -8.437011466949132510e-01 -8.437011466949132510e-01 -8.437011466949132510e-01 -8.437011466949132510e-01 -8.437011466949132510e-01 -8.437011466949132510e-01 -8.437011466949132510e-01 -8.437011466949132510e-01 -8.437011466949132510e-01 -8.437011466949132510e-01 -8.437011466949132510e-01 -8.437011466949132510e-01 -8.437011466949132510e-01 -8.437011466949132510e-01 -8.437011466949132510e-01 -8.437011466949132510e-01 -1.103139201791649482e+00 -1.103139201791649482e+00 -1.103139201791649482e+00 -1.103139201791649482e+00 -1.103139201791649482e+00 -1.103139201791649482e+00 -1.103139201791649482e+00 -1.103139201791649482e+00 -1.103139201791649482e+00 -1.103139201791649482e+00 -1.103139201791649482e+00 -1.103139201791649482e+00 -1.103139201791649482e+00 -1.223594694486162426e+00 -1.223594694486162426e+00
-4.826409919623667610e-01 -1.670751599110284369e+00 -1.670751599110284369e+00 -1.670751599110284369e+00 -1.670751599110284369e+00 -1.804440627882646808e+00 -1.937810399136727257e+00 -2.229602382371909997e+00 -2.229602382371909997e+00 -2.229602382371909997e+00 -2.229602382371909997e+00 -2.229602382371909997e+00 -2.229602382371909997e+00 -2.229602382371909997e+00 -2.229602382371909997e+00 -2.229602382371909997e+00 -2.229602382371909997e+00 -2.229602382371909997e+00 -2.229602382371909997e+00 -2.229602382371909997e+00 -2.229602382371909997e+00 -2.229602382371909997e+00 -2.229602382371909997e+00 -2.229602382371909997e+00 -2.229602382371909997e+00 -2.229602382371909997e+00 -2.229602382371909997e+00 -2.229602382371909997e+00 -2.229602382371909997e+00 -2.229602382371909997e+00 -2.229602382371909997e+00 -2.229602382371909997e+00 -2.229602382371909997e+00 -2.229602382371909997e+00 -2.229602382371909997e+00 -2.229602382371909997e+00 -2.229602382371909997e+00 -2.229602382371909997e+00 -2.229602382371909997e+00 -2.229602382371909997e+00 -2.229602382371909997e+00 -2.229602382371909997e+00 -2.229602382371909997e+00 -2.229602382371909997e+00 -2.229602382371909997e+00 -2.229602382371909997e+00 -2.229602382371909997e+00 -2.229602382371909997e+00 -2.229602382371909997e+00 -2.229602382371909997e+00 -2.229602382371909997e+00 -2.229602382371909997e+00 -2.229602382371909997e+00 -2.229602382371909997e+00 -2.229602382371909997e+00 -2.229602382371909997e+00 -2.229602382371909997e+00 -2.229602382371909997e+00 -2.229602382371909997e+00 -2.229602382371909997e+00 -2.229602382371909997e+00 -2.229602382371909997e+00 -2.229602382371909997e+00 -2.229602382371909997e+00 -2.229602382371909997e+00 -2.229602382371909997e+00 -2.229602382371909997e+00 -2.497592709130737276e+00 -2.510517572067090253e+00 -2.510517572067090253e+00 -2.510517572067090253e+00 -2.510517572067090253e+00 -2.510517572067090253e+00 -2.570876686830767532e+00 -2.570876686830767532e+00 -2.570876686830767532e+00 -2.570876686830767532e+00 -2.570876686830767532e+00 -2.570876686830767532e+00 -2.570876686830767532e+00 -2.570876686830767532e+00 -2.610201792378938457e+00 -2.610201792378938457e+00 -2.924314195997240517e+00 -2.924314195997240517e+00 -2.924314195997240517e+00 -2.924314195997240517e+00 -2.924314195997240517e+00 -2.924314195997240517e+00 -2.924314195997240517e+00 -2.924314195997240517e+00 -2.924314195997240517e+00 -2.924314195997240517e+00 -2.924314195997240517e+00 -2.924314195997240517e+00 -2.924314195997240517e+00 -2.924314195997240517e+00 -2.924314195997240517e+00 -2.924314195997240517e+00 -2.924314195997240517e+00
2.401449291366606828e-02 2.401449291366606828e-02 -1.615802883212404117e-01 -1.615802883212404117e-01 -1.615802883212404117e-01 -1.615802883212404117e-01 -2.659804378992980944e-01 -5.663249618126319218e-01 -5.663249618126319218e-01 -5.663249618126319218e-01 -5.663249618126319218e-01 -5.663249618126319218e-01 -5.663249618126319218e-01 -5.663249618126319218e-01 -5.663249618126319218e-01 -6.264991415068607017e-01 -6.264991415068607017e-01 -6.264991415068607017e-01 -6.264991415068607017e-01 -7.084073107647025358e-01 -1.113215001749002342e+00 -1.113215001749002342e+00 -1.113215001749002342e+00 -1.113215001749002342e+00 -1.113215001749002342e+00 -1.113215001749002342e+00 -1.113215001749002342e+00 -1.113215001749002342e+00 -1.113215001749002342e+00 -1.113215001749002342e+00 -1.113215001749002342e+00 -1.113215001749002342e+00 -1.113215001749002342e+00 -1.113215001749002342e+00 -1.113215001749002342e+00 -1.113215001749002342e+00 -1.113215001749002342e+00 -1.113215001749002342e+00 -1.113215001749002342e+00 -1.113215001749002342e+00 -1.113215001749002342e+00 -1.113215001749002342e+00 -1.113215001749002342e+00 -1.113215001749002342e+00 -1.113215001749002342e+00 -1.113215001749002342e+00 -1.113215001749002342e+00 -1.113215001749002342e+00 -1.113215001749002342e+00 -1.113215001749002342e+00 -1.113215001749002342e+00 -1.113215001749002342e+00 -1.113215001749002342e+00 -1.113215001749002342e+00 -1.113215001749002342e+00 -1.113215001749002342e+00 -1.113215001749002342e+00 -1.113215001749002342e+00 -1.113215001749002342e+00 -1.113215001749002342e+00 -1.113215001749002342e+00 -1.113215001749002342e+00 -1.113215001749002342e+00 -1.113215001749002342e+00 -1.113215001749002342e+00 -1.113215001749002342e+00 -1.317816647091572202e+00 -1.317816647091572202e+00 -1.317816647091572202e+00 -1.317816647091572202e+00 -1.317816647091572202e+00 -1.317816647091572202e+00 -1.317816647091572202e+00 -1.317816647091572202e+00 -1.317816647091572202e+00 -1.317816647091572202e+00 -1.317816647091572202e+00 -1.317816647091572202e+00 -1.317816647091572202e+00 -1.317816647091572202e+00 -1.317816647091572202e+00 -1.317816647091572202e+00 -1.317816647091572202e+00 -1.317816647091572202e+00 -1.425167316835339371e+00 -1.425167316835339371e+00 -1.425167316835339371e+00 -1.425167316835339371e+00 -1.461884296701091879e+00 -1.461884296701091879e+00 -1.744345592646455501e+00 -1.744345592646455501e+00 -1.744345592646455501e+00 -1.773163516948759844e+00 -1.773163516948759844e+00 -1.773163516948759844e+00 -1.773163516948759844e+00 -1.773163516948759844e+00 -1.773163516948759844e+00 -1.773163516948759844e+00
-9.572648513544016469e-01 -9.572648513544016469e-01 -9.572648513544016469e-01 -1.032749605378655788e+00 -1.315340634305908640e+00 -1.315340634305908640e+00 -1.315340634305908640e+00 -1.487022916211773627e+00 -2.483405736686448595e+00 -2.483405736686448595e+00 -2.483405736686448595e+00 -2.483405736686448595e+00 -2.483405736686448595e+00 -2.483405736686448595e+00 -2.483405736686448595e+00 -2.483405736686448595e+00 -2.483405736686448595e+00 -2.483405736686448595e+00 -2.483405736686448595e+00 -2.531551256842790476e+00 -2.531551256842790476e+00 -2.531551256842790476e+00 -2.531551256842790476e+00 -2.531551256842790476e+00 -2.531551256842790476e+00 -2.531551256842790476e+00 -2.531551256842790476e+00 -2.531551256842790476e+00 -2.531551256842790476e+00 -2.531551256842790476e+00 -2.531551256842790476e+00 -2.531551256842790476e+00 -2.531551256842790476e+00 -2.531551256842790476e+00 -2.531551256842790476e+00 -2.531551256842790476e+00 -2.531551256842790476e+00 -2.531551256842790476e+00 -2.531551256842790476e+00 -2.531551256842790476e+00 -2.531551256842790476e+00 -2.531551256842790476e+00 -2.531551256842790476e+00 -2.531551256842790476e+00 -2.531551256842790476e+00 -2.531551256842790476e+00 -2.531551256842790476e+00 -2.531551256842790476e+00 -2.531551256842790476e+00 -2.531551256842790476e+00 -2.531551256842790476e+00 -2.531551256842790476e+00 -2.531551256842790476e+00 -2.531551256842790476e+00 -2.531551256842790476e+00 -2.531551256842790476e+00 -2.531551256842790476e+00 -2.531551256842790476e+00 -2.531551256842790476e+00 -2.531551256842790476e+00 -2.531551256842790476e+00 -2.531551256842790476e+00 -2.531551256842790476e+00 -2.531551256842790476e+00 -2.531551256842790476e+00 -2.531551256842790476e+00 -2.531551256842790476e+00 -2.531551256842790476e+00 -2.531551256842790476e+00 -3.010384480992561951e+00 -3.010384480992561951e+00 -3.010384480992561951e+00 -3.328687972360084402e+00 -3.328687972360084402e+00 -3.328687972360084402e+00 -3.328687972360084402e+00 -3.328687972360084402e+00 -3.328687972360084402e+00 -3.328687972360084402e+00 -3.328687972360084402e+00 -3.328687972360084402e+00 -3.421114086256162423e+00 -3.421114086256162423e+00 -3.421114086256162423e+00 -3.421114086256162423e+00 -3.421114086256162423e+00 -3.421114086256162423e+00 -3.421114086256162423e+00 -3.457657507255908147e+00 -3.457657507255908147e+00 -3.457657507255908147e+00 -3.457657507255908147e+00 -3.457657507255908147e+00 -3.457657507255908147e+00 -3.457657507255908147e+00 -3.457657507255908147e+00 -3.457657507255908147e+00 -3.457657507255908147e+00 -3.457657507255908147e+00 -3.728895181256614233e+00
2.349757474006763047e+00 2.349757474006763047e+00 1.995496280748380036e+00 1.445934154882112077e+00 1.445934154882112077e+00 1.445934154882112077e+00 1.401406038267220433e+00 1.365584049606853423e+00 1.310653624083292890e+00 1.310653624083292890e+00 1.310653624083292890e+00 9.206718639138696814e-01 9.206718639138696814e-01 9.206718639138696814e-01 9.206718639138696814e-01 6.486075195196903120e-01 6.486075195196903120e-01 6.486075195196903120e-01 6.486075195196903120e-01 6.486075195196903120e-01 4.761880933177566888e-01 -1.472454310201204153e-01 -3.619429702899047419e-01 -4.236931150095871734e-01 -4.236931150095871734e-01 -4.236931150095871734e-01 -4.236931150095871734e-01 -4.236931150095871734e-01 -4.236931150095871734e-01 -4.236931150095871734e-01 -4.236931150095871734e-01 -4.236931150095871734e-01 -4.236931150095871734e-01 -4.530484512692191101e-01 -1.397585334768328025e+00 -1.397585334768328025e+00 -1.397585334768328025e+00 -1.653850603344172443e+00 -1.653850603344172443e+00 -2.187090161639528851e+00 -2.187090161639528851e+00 -2.187090161639528851e+00 -2.187090161639528851e+00 -2.219275439867702371e+00 -2.219275439867702371e+00 -2.219275439867702371e+00 -2.219275439867702371e+00 -2.343886131658415639e+00 -2.343886131658415639e+00 -2.343886131658415639e+00 -2.343886131658415639e+00 -2.343886131658415639e+00 -2.343886131658415639e+00 -2.343886131658415639e+00 -2.343886131658415639e+00 -2.343886131658415639e+00 -2.343886131658415639e+00 -2.343886131658415639e+00 -2.343886131658415639e+00 -2.343886131658415639e+00 -2.343886131658415639e+00 -2.343886131658415639e+00 -2.343886131658415639e+00 -2.343886131658415639e+00 -2.343886131658415639e+00 -2.343886131658415639e+00 -2.343886131658415639e+00 -2.343886131658415639e+00 -2.343886131658415639e+00 -2.343886131658415639e+00 -2.343886131658415639e+00 -2.343886131658415639e+00 -2.343886131658415639e+00 -2.343886131658415639e+00 -2.343886131658415639e+00 -2.453268515758116664e+00 -2.453268515758116664e+00 -2.453268515758116664e+00 -2.470509256978248303e+00 -2.470509256978248303e+00 -2.470509256978248303e+00 -2.470509256978248303e+00 -2.470509256978248303e+00 -2.470509256978248303e+00 -2.470509256978248303e+00 -2.470509256978248303e+00 -2.470509256978248303e+00 -2.554280187879550024e+00 -2.554280187879550024e+00 -2.554280187879550024e+00 -2.554280187879550024e+00 -2.554280187879550024e+00 -2.554280187879550024e+00 -2.554280187879550024e+00 -2.554280187879550024e+00 -2.554280187879550024e+00 -2.554280187879550024e+00 -2.554280187879550024e+00 -2.554280187879550024e+00 -2.554280187879550024e+00
-5.448185758475657670e-01 -5.448185758475657670e-01 -5.448185758475657670e-01 -5.448185758475657670e-01 -5.988435637674306422e-01 -5.988435637674306422e-01 -6.842272991568371099e-01 -6.842272991568371099e-01 -6.842272991568371099e-01 -6.842272991568371099e-01 -6.842272991568371099e-01 -6.842272991568371099e-01 -6.895241060717344217e-01 -1.221592205298222211e+00 -1.221592205298222211e+00 -1.221592205298222211e+00 -1.221592205298222211e+00 -1.221592205298222211e+00 -1.221592205298222211e+00 -1.221592205298222211e+00 -1.306510396601740176e+00 -1.306510396601740176e+00 -1.306510396601740176e+00 -1.306510396601740176e+00 -1.306510396601740176e+00 -1.306510396601740176e+00 -1.406674982943278751e+00 -1.406674982943278751e+00 -1.422596143310696837e+00 -1.422596143310696837e+00 -1.422596143310696837e+00 -1.422596143310696837e+00 -1.422596143310696837e+00 -1.422596143310696837e+00 -1.422596143310696837e+00 -1.422596143310696837e+00 -1.510693828279920048e+00 -1.510693828279920048e+00 -1.510693828279920048e+00 -1.510693828279920048e+00 -1.510693828279920048e+00 -1.510693828279920048e+00 -1.510693828279920048e+00 -1.668677212062221082e+00 -1.668677212062221082e+00 -1.712366904252526911e+00 -1.712366904252526911e+00 -1.712366904252526911e+00 -1.712366904252526911e+00 -1.712366904252526911e+00 -1.712366904252526911e+00 -1.712366904252526911e+00 -1.712366904252526911e+00 -1.712366904252526911e+00 -1.712366904252526911e+00 -1.712366904252526911e+00 -1.815272224029957471e+00 -1.815272224029957471e+00 -1.815272224029957471e+00 -1.815272224029957471e+00 -1.815272224029957471e+00 -1.815272224029957471e+00 -1.815272224029957471e+00 -1.815272224029957471e+00 -1.815272224029957471e+00 -1.815272224029957471e+00 -1.815272224029957471e+00 -1.815272224029957471e+00 -1.815272224029957471e+00 -1.815272224029957471e+00 -1.815272224029957471e+00 -1.822993512847835618e+00 -1.822993512847835618e+00 -1.822993512847835618e+00 -1.822993512847835618e+00 -1.822993512847835618e+00 -1.822993512847835618e+00 -1.822993512847835618e+00 -1.822993512847835618e+00 -1.822993512847835618e+00 -1.822993512847835618e+00 -1.822993512847835618e+00 -1.822993512847835618e+00 -1.822993512847835618e+00 -1.822993512847835618e+00 -1.822993512847835618e+00 -1.822993512847835618e+00 -1.822993512847835618e+00 -1.822993512847835618e+00 -1.822993512847835618e+00 -1.822993512847835618e+00 -1.822993512847835618e+00 -1.822993512847835618e+00 -1.822993512847835618e+00 -1.822993512847835618e+00 -1.822993512847835618e+00 -1.822993512847835618e+00 -1.822993512847835618e+00 -1.822993512847835618e+00 -1.822993512847835618e+00
-6.669684513702474060e-01 -6.669684513702474060e-01 -6.669684513702474060e-01 -6.669684513702474060e-01 -6.669684513702474060e-01 -6.669684513702474060e-01 -6.669684513702474060e-01 -6.669684513702474060e-01 -6.669684513702474060e-01 -6.669684513702474060e-01 -6.669684513702474060e-01 -6.669684513702474060e-01 -6.669684513702474060e-01 -6.669684513702474060e-01 -6.669684513702474060e-01 -6.669684513702474060e-01 -6.669684513702474060e-01 -6.669684513702474060e-01 -6.669684513702474060e-01 -6.669684513702474060e-01 -6.669684513702474060e-01 -6.669684513702474060e-01 -6.669684513702474060e-01 -6.669684513702474060e-01 -6.669684513702474060e-01 -7.033042310208815762e-01 -7.033042310208815762e-01 -7.033042310208815762e-01 -7.033042310208815762e-01 -7.033042310208815762e-01 -7.033042310208815762e-01 -7.033042310208815762e-01 -7.033042310208815762e-01 -7.033042310208815762e-01 -7.033042310208815762e-01 -7.033042310208815762e-01 -7.033042310208815762e-01 -7.033042310208815762e-01 -7.033042310208815762e-01 -7.033042310208815762e-01 -9.619732088655054136e-01 -9.619732088655054136e-01 -9.619732088655054136e-01 -9.980990251048066364e-01 -9.980990251048066364e-01 -9.980990251048066364e-01 -9.980990251048066364e-01 -9.980990251048066364e-01 -9.980990251048066364e-01 -9.980990251048066364e-01 -9.980990251048066364e-01 -9.980990251048066364e-01 -1.069196111732880095e+00 -1.069196111732880095e+00 -1.069196111732880095e+00 -1.069196111732880095e+00 -1.069196111732880095e+00 -1.130945844421159308e+00 -1.130945844421159308e+00 -1.130945844421159308e+00 -1.130945844421159308e+00 -1.130945844421159308e+00 -1.156742314460825094e+00 -1.215178660452470139e+00 -1.215178660452470139e+00 -1.215178660452470139e+00 -1.215178660452470139e+00 -1.215178660452470139e+00 -1.215178660452470139e+00 -1.215178660452470139e+00 -1.215178660452470139e+00 -1.215178660452470139e+00 -1.215178660452470139e+00 -1.215178660452470139e+00 -1.215178660452470139e+00 -1.216297909692963808e+00 -1.216297909692963808e+00 -1.216297909692963808e+00 -1.216297909692963808e+00 -1.216297909692963808e+00 -1.216297909692963808e+00 -1.216297909692963808e+00 -1.216297909692963808e+00 -1.216297909692963808e+00 -1.216297909692963808e+00 -1.216297909692963808e+00 -1.216297909692963808e+00 -1.216297909692963808e+00 -1.216297909692963808e+00 -1.216297909692963808e+00 -1.216297909692963808e+00 -1.216297909692963808e+00 -1.216297909692963808e+00 -1.216297909692963808e+00 -1.216297909692963808e+00 -1.216297909692963808e+00 -1.217025776135363557e+00 -1.217025776135363557e+00 -1.217025776135363557e+00 -1.217025776135363557e+00
9.806377676530524112e-02 9.806377676530524112e-02 9.806377676530524112e-02 9.806377676530524112e-02 9.806377676530524112e-02 9.806377676530524112e-02 9.806377676530524112e-02 9.806377676530524112e-02 9.806377676530524112e-02 9.806377676530524112e-02 9.806377676530524112e-02 9.806377676530524112e-02 -1.058659356524453178e-02 -1.058659356524453178e-02 -1.058659356524453178e-02 -1.058659356524453178e-02 -1.825086247283210783e-01 -1.825086247283210783e-01 -1.825086247283210783e-01 -1.825086247283210783e-01 -1.825086247283210783e-01 -1.825086247283210783e-01 -1.825086247283210783e-01 -1.825086247283210783e-01 -1.825086247283210783e-01 -1.825086247283210783e-01 -1.825086247283210783e-01 -1.825086247283210783e-01 -1.825086247283210783e-01 -1.825086247283210783e-01 -1.825086247283210783e-01 -1.825086247283210783e-01 -1.825086247283210783e-01 -1.825086247283210783e-01 -1.825086247283210783e-01 -1.825086247283210783e-01 -1.825086247283210783e-01 -1.825086247283210783e-01 -1.825086247283210783e-01 -1.825086247283210783e-01 -1.825086247283210783e-01 -1.825086247283210783e-01 -1.825086247283210783e-01 -1.825086247283210783e-01 -1.825254894993068866e-01 -1.825254894993068866e-01 -1.825254894993068866e-01 -1.825254894993068866e-01 -1.825254894993068866e-01 -2.355561744393656343e-01 -2.355561744393656343e-01 -2.355561744393656343e-01 -2.355561744393656343e-01 -2.355561744393656343e-01 -2.355561744393656343e-01 -2.355561744393656343e-01 -2.355561744393656343e-01 -3.347672819329512994e-01 -3.347672819329512994e-01 -3.347672819329512994e-01 -3.878894392773339916e-01 -3.878894392773339916e-01 -3.878894392773339916e-01 -3.878894392773339916e-01 -3.878894392773339916e-01 -7.537686369268522535e-01 -7.537686369268522535e-01 -7.537686369268522535e-01 -7.537686369268522535e-01 -7.537686369268522535e-01 -7.537686369268522535e-01 -7.537686369268522535e-01 -7.537686369268522535e-01 -7.537686369268522535e-01 -7.537686369268522535e-01 -7.537686369268522535e-01 -7.537686369268522535e-01 -7.537686369268522535e-01 -7.537686369268522535e-01 -7.537686369268522535e-01 -7.537686369268522535e-01 -7.537686369268522535e-01 -7.537686369268522535e-01 -7.537686369268522535e-01 -7.537686369268522535e-01 -7.537686369268522535e-01 -7.537686369268522535e-01 -7.537686369268522535e-01 -7.537686369268522535e-01 -7.537686369268522535e-01 -7.537686369268522535e-01 -7.537686369268522535e-01 -7.537686369268522535e-01 -7.537686369268522535e-01 -7.537686369268522535e-01 -7.537686369268522535e-01 -7.537686369268522535e-01 -7.537686369268522535e-01 -7.537686369268522535e-01 -7.537686369268522535e-01
-6.984727560539686353e-01 -6.984727560539686353e-01 -6.984727560539686353e-01 -6.984727560539686353e-01 -6.984727560539686353e-01 -6.984727560539686353e-01 -7.037786521333501133e-01 -7.037786521333501133e-01 -7.037786521333501133e-01 -7.037786521333501133e-01 -7.037786521333501133e-01 -7.644923711588145210e-01 -7.644923711588145210e-01 -7.644923711588145210e-01 -7.644923711588145210e-01 -7.644923711588145210e-01 -7.644923711588145210e-01 -7.644923711588145210e-01 -7.644923711588145210e-01 -7.644923711588145210e-01 -7.644923711588145210e-01 -7.644923711588145210e-01 -7.644923711588145210e-01 -7.644923711588145210e-01 -7.644923711588145210e-01 -7.644923711588145210e-01 -7.644923711588145210e-01 -7.644923711588145210e-01 -1.063624136289329281e+00 -1.063624136289329281e+00 -1.063624136289329281e+00 -1.063624136289329281e+00 -2.516891062161363379e+00 -2.516891062161363379e+00 -2.516891062161363379e+00 -2.516891062161363379e+00 -2.516891062161363379e+00 -2.516891062161363379e+00 -2.516891062161363379e+00 -2.516891062161363379e+00 -2.516891062161363379e+00 -2.516891062161363379e+00 -2.516891062161363379e+00 -2.587757274376276229e+00 -2.587757274376276229e+00 -2.587757274376276229e+00 -2.745489083916820228e+00 -2.745489083916820228e+00 -2.745489083916820228e+00 -2.745489083916820228e+00 -2.745489083916820228e+00 -2.745489083916820228e+00 -2.745489083916820228e+00 -2.745489083916820228e+00 -2.745489083916820228e+00 -2.745489083916820228e+00 -2.745489083916820228e+00 -2.745489083916820228e+00 -2.745489083916820228e+00 -2.942929209677171531e+00 -2.942929209677171531e+00 -2.942929209677171531e+00 -2.942929209677171531e+00 -2.942929209677171531e+00 -2.942929209677171531e+00 -2.942929209677171531e+00 -2.942929209677171531e+00 -2.942929209677171531e+00 -2.942929209677171531e+00 -2.942929209677171531e+00 -2.942929209677171531e+00 -2.942929209677171531e+00 -2.942929209677171531e+00 -2.942929209677171531e+00 -2.942929209677171531e+00 -2.942929209677171531e+00 -2.942929209677171531e+00 -2.942929209677171531e+00 -2.942929209677171531e+00 -2.942929209677171531e+00 -2.942929209677171531e+00 -2.942929209677171531e+00 -2.942929209677171531e+00 -2.942929209677171531e+00 -2.942929209677171531e+00 -2.942929209677171531e+00 -2.942929209677171531e+00 -2.942929209677171531e+00 -2.942929209677171531e+00 -2.942929209677171531e+00 -2.942929209677171531e+00 -2.942929209677171531e+00 -2.942929209677171531e+00 -2.942929209677171531e+00 -2.942929209677171531e+00 -2.942929209677171531e+00 -2.942929209677171531e+00 -2.942929209677171531e+00 -2.942929209677171531e+00 -2.942929209677171531e+00
-1.892263345834067217e-02 -1.892263345834067217e-02 -4.890169290444779104e-02 -4.890169290444779104e-02 -2.183904106455833993e-01 -2.183904106455833993e-01 -3.349016625075854070e-01 -3.349016625075854070e-01 -8.799356021817443807e-01 -8.799356021817443807e-01 -9.091268705940290795e-01 -9.091268705940290795e-01 -1.277376695830541031e+00 -1.277376695830541031e+00 -1.277376695830541031e+00 -1.277376695830541031e+00 -1.277376695830541031e+00 -1.277376695830541031e+00 -1.277376695830541031e+00 -1.277376695830541031e+00 -1.277376695830541031e+00 -1.277376695830541031e+00 -1.277376695830541031e+00 -1.380499935357655472e+00 -1.380499935357655472e+00 -1.380499935357655472e+00 -1.380499935357655472e+00 -1.380499935357655472e+00 -1.380499935357655472e+00 -1.380499935357655472e+00 -1.380499935357655472e+00 -1.380499935357655472e+00 -1.807070031478527961e+00 -1.807070031478527961e+00 -1.807070031478527961e+00 -2.346362047306950416e+00 -2.346362047306950416e+00 -2.346362047306950416e+00 -2.346362047306950416e+00 -2.346362047306950416e+00 -2.346362047306950416e+00 -2.346362047306950416e+00 -3.122663345494530063e+00 -3.122663345494530063e+00 -3.122663345494530063e+00 -3.122663345494530063e+00 -3.122663345494530063e+00 -3.122663345494530063e+00 -3.122663345494530063e+00 -3.122663345494530063e+00 -3.122663345494530063e+00 -3.122663345494530063e+00 -3.122663345494530063e+00 -3.122663345494530063e+00 -3.122663345494530063e+00 -3.122663345494530063e+00 -3.122663345494530063e+00 -3.122663345494530063e+00 -3.122663345494530063e+00 -3.122663345494530063e+00 -3.122663345494530063e+00 -3.122663345494530063e+00 -3.122663345494530063e+00 -3.122663345494530063e+00 -3.122663345494530063e+00 -3.122663345494530063e+00 -3.122663345494530063e+00 -3.122663345494530063e+00 -3.122663345494530063e+00 -3.122663345494530063e+00 -3.122663345494530063e+00 -3.182752917466462605e+00 -3.182752917466462605e+00 -3.182752917466462605e+00 -3.182752917466462605e+00 -3.182752917466462605e+00 -3.182752917466462605e+00 -3.182752917466462605e+00 -3.182752917466462605e+00 -3.182752917466462605e+00 -3.182752917466462605e+00 -3.182752917466462605e+00 -3.564316366672627634e+00 -3.564316366672627634e+00 -3.564316366672627634e+00 -3.564316366672627634e+00 -3.564316366672627634e+00 -3.564316366672627634e+00 -3.564316366672627634e+00 -3.564316366672627634e+00 -3.564316366672627634e+00 -3.564316366672627634e+00 -3.564316366672627634e+00 -3.564316366672627634e+00 -3.564316366672627634e+00 -3.564316366672627634e+00 -3.564316366672627634e+00 -3.564316366672627634e+00 -3.564316366672627634e+00 -3.564316366672627634e+00
1.601085837682036661e-01 1.601085837682036661e-01 1.601085837682036661e-01 1.601085837682036661e-01 1.601085837682036661e-01 1.601085837682036661e-01 1.601085837682036661e-01 1.601085837682036661e-01 1.601085837682036661e-01 -1.454022638424289256e-02 -1.991678429508128914e-02 -5.742210794644806438e-01 -5.742210794644806438e-01 -5.742210794644806438e-01 -5.742210794644806438e-01 -5.742210794644806438e-01 -5.742210794644806438e-01 -5.742210794644806438e-01 -5.742210794644806438e-01 -5.742210794644806438e-01 -5.742210794644806438e-01 -5.742210794644806438e-01 -5.742210794644806438e-01 -5.742210794644806438e-01 -9.921825649504022460e-01 -1.028107771440272877e+00 -1.335709003789412153e+00 -1.335709003789412153e+00 -1.335709003789412153e+00 -1.335709003789412153e+00 -1.335709003789412153e+00 -1.335709003789412153e+00 -1.492601922456979757e+00 -1.492601922456979757e+00 -1.492601922456979757e+00 -1.492601922456979757e+00 -1.492601922456979757e+00 -1.492601922456979757e+00 -1.492601922456979757e+00 -1.515108826190935787e+00 -1.515108826190935787e+00 -1.515108826190935787e+00 -1.515108826190935787e+00 -1.515108826190935787e+00 -1.515108826190935787e+00 -1.644403464330532749e+00 -1.644403464330532749e+00 -2.026025591774938128e+00 -2.026025591774938128e+00 -2.026025591774938128e+00 -2.026025591774938128e+00 -2.026025591774938128e+00 -2.026025591774938128e+00 -2.026025591774938128e+00 -2.026025591774938128e+00 -2.026025591774938128e+00 -2.026025591774938128e+00 -2.026025591774938128e+00 -2.026025591774938128e+00 -2.026025591774938128e+00 -2.026025591774938128e+00 -2.026025591774938128e+00 -2.026025591774938128e+00 -2.026025591774938128e+00 -2.026025591774938128e+00 -2.026025591774938128e+00 -2.026025591774938128e+00 -2.026025591774938128e+00 -2.026025591774938128e+00 -2.090348250180166456e+00 -2.090348250180166456e+00 -2.090348250180166456e+00 -2.090348250180166456e+00 -2.090348250180166456e+00 -2.090348250180166456e+00 -2.090348250180166456e+00 -2.090348250180166456e+00 -2.090348250180166456e+00 -2.090348250180166456e+00 -2.090348250180166456e+00 -2.090348250180166456e+00 -2.090348250180166456e+00 -2.090348250180166456e+00 -2.090348250180166456e+00 -2.090348250180166456e+00 -2.090348250180166456e+00 -2.090348250180166456e+00 -2.090348250180166456e+00 -2.090348250180166456e+00 -2.090348250180166456e+00 -2.090348250180166456e+00 -2.090348250180166456e+00 -2.090348250180166456e+00 -2.090348250180166456e+00 -2.090348250180166456e+00 -2.156260327118936448e+00 -2.156260327118936448e+00 -2.156260327118936448e+00 -2.156260327118936448e+00 -2.338509274949235550e+00
-1.341385159753031520e+00 -1.341385159753031520e+00 -1.341385159753031520e+00 -1.674360948274557170e+00 -1.742953491045276415e+00 -1.983795855193302371e+00 -1.983795855193302371e+00 -2.709556810543718441e+00 -2.709556810543718441e+00 -2.709556810543718441e+00 -2.709556810543718441e+00 -2.709556810543718441e+00 -3.264603934589835443e+00 -3.264603934589835443e+00 -3.264603934589835443e+00 -3.264603934589835443e+00 -3.264603934589835443e+00 -3.264603934589835443e+00 -3.264603934589835443e+00 -3.264603934589835443e+00 -3.264603934589835443e+00 -3.264603934589835443e+00 -3.264603934589835443e+00 -3.264603934589835443e+00 -3.391240623795700238e+00 -3.391240623795700238e+00 -3.391240623795700238e+00 -3.391240623795700238e+00 -3.391240623795700238e+00 -3.391240623795700238e+00 -3.391240623795700238e+00 -3.391240623795700238e+00 -3.391240623795700238e+00 -3.391240623795700238e+00 -3.391240623795700238e+00 -3.391240623795700238e+00 -3.391240623795700238e+00 -3.391240623795700238e+00 -3.391240623795700238e+00 -3.391240623795700238e+00 -3.391240623795700238e+00 -3.391240623795700238e+00 -3.391240623795700238e+00 -3.391240623795700238e+00 -3.391240623795700238e+00 -3.391240623795700238e+00 -3.391240623795700238e+00 -3.391240623795700238e+00 -3.391240623795700238e+00 -3.391240623795700238e+00 -3.391240623795700238e+00 -3.391240623795700238e+00 -3.391240623795700238e+00 -3.391240623795700238e+00 -3.391240623795700238e+00 -3.391240623795700238e+00 -3.391240623795700238e+00 -3.391240623795700238e+00 -3.391240623795700238e+00 -3.391240623795700238e+00 -3.391240623795700238e+00 -3.391240623795700238e+00 -3.391240623795700238e+00 -3.391240623795700238e+00 -3.391240623795700238e+00 -3.391240623795700238e+00 -3.391240623795700238e+00 -3.391240623795700238e+00 -4.837319235740435985e+00 -4.837319235740435985e+00 -4.837319235740435985e+00 -4.837319235740435985e+00 -4.837319235740435985e+00 -4.837319235740435985e+00 -4.837319235740435985e+00 -4.837319235740435985e+00 -4.837319235740435985e+00 -4.837319235740435985e+00 -4.837319235740435985e+00 -4.837319235740435985e+00 -4.837319235740435985e+00 -4.837319235740435985e+00 -4.837319235740435985e+00 -4.837319235740435985e+00 -4.837319235740435985e+00 -4.837319235740435985e+00 -4.837319235740435985e+00 -4.837319235740435985e+00 -4.837319235740435985e+00 -4.837319235740435985e+00 -4.837319235740435985e+00 -4.837319235740435985e+00 -4.837319235740435985e+00 -4.837319235740435985e+00 -4.837319235740435985e+00 -4.837319235740435985e+00 -4.837319235740435985e+00 -4.837319235740435985e+00 -4.837319235740435985e+00 -4.837319235740435985e+00
-4.239671142979830054e-01 -1.505396146983136285e+00 -1.505396146983136285e+00 -1.505396146983136285e+00 -1.505396146983136285e+00 -1.541636827583936942e+00 -1.541636827583936942e+00 -1.541636827583936942e+00 -1.541636827583936942e+00 -1.541636827583936942e+00 -1.541636827583936942e+00 -1.541636827583936942e+00 -1.541636827583936942e+00 -1.541636827583936942e+00 -1.541636827583936942e+00 -1.541636827583936942e+00 -1.541636827583936942e+00 -1.541636827583936942e+00 -1.541636827583936942e+00 -1.541636827583936942e+00 -1.623283831658359766e+00 -1.623283831658359766e+00 -1.623283831658359766e+00 -1.623283831658359766e+00 -1.623283831658359766e+00 -1.623283831658359766e+00 -1.623283831658359766e+00 -1.623283831658359766e+00 -1.623283831658359766e+00 -1.623283831658359766e+00 -1.623283831658359766e+00 -1.623283831658359766e+00 -1.901085625656018907e+00 -1.901085625656018907e+00 -1.901085625656018907e+00 -1.901085625656018907e+00 -1.901085625656018907e+00 -2.034170609536090524e+00 -2.034170609536090524e+00 -2.034170609536090524e+00 -2.034170609536090524e+00 -2.034170609536090524e+00 -2.034170609536090524e+00 -2.034170609536090524e+00 -2.034170609536090524e+00 -2.034170609536090524e+00 -2.034170609536090524e+00 -2.034170609536090524e+00 -2.034170609536090524e+00 -2.034170609536090524e+00 -2.048938963371568001e+00 -2.048938963371568001e+00 -2.069855187358961235e+00 -2.069855187358961235e+00 -2.069855187358961235e+00 -2.069855187358961235e+00 -2.172286226739965187e+00 -2.172286226739965187e+00 -2.172286226739965187e+00 -2.172286226739965187e+00 -2.230813729892207942e+00 -2.230813729892207942e+00 -2.230813729892207942e+00 -2.230813729892207942e+00 -2.230813729892207942e+00 -2.230813729892207942e+00 -2.230813729892207942e+00 -2.230813729892207942e+00 -2.288504340282987215e+00 -2.288504340282987215e+00 -2.288504340282987215e+00 -2.288504340282987215e+00 -2.288504340282987215e+00 -2.288504340282987215e+00 -2.288504340282987215e+00 -2.288504340282987215e+00 -2.288504340282987215e+00 -2.288504340282987215e+00 -2.288504340282987215e+00 -2.288504340282987215e+00 -2.288504340282987215e+00 -2.288504340282987215e+00 -2.288504340282987215e+00 -2.288504340282987215e+00 -2.288504340282987215e+00 -2.288504340282987215e+00 -2.288504340282987215e+00 -2.288504340282987215e+00 -2.288504340282987215e+00 -2.288504340282987215e+00 -2.288504340282987215e+00 -2.288504340282987215e+00 -2.288504340282987215e+00 -2.288504340282987215e+00 -2.288504340282987215e+00 -2.288504340282987215e+00 -2.288504340282987215e+00 -2.288504340282987215e+00 -2.288504340282987215e+00 -2.288504340282987215e+00
